1,-6.357371,-493.63916,204.86061,0.360839844,21.11515,223.44061,0.09043936,0.000711171,1464.785289
1,-3.071487,-509.41968,222.26135,0.470703125,16.85353,209.23279,0.13186191,0.00102892,1648.543341
1,-5.4487195,-496.1767,222.7857,0.45703125,26.046486,257.95715,0.09652166,0.000966616,1652.464175
1,-4.9045634,-542.92725,217.2085,0.418457031,17.658176,195.473,0.082690775,0.00086246,1528.728073
1,-5.83924,-526.8954,232.0015,0.312988281,12.035815,158.14351,0.09835787,0.000812914,1298.513861
1,-11.293458,-506.2148,188.59668,0.393554688,12.673538,178.02979,0.09537937,0.000537814,1507.483013
1,-9.020049,-521.03485,195.99606,0.4375,18.05027,204.7551,0.14306442,0.000976336,1589.598151
1,-8.749827,-512.0738,171.91199,0.299804688,7.631535,111.416626,0.16921498,0.000673927,1566.083038
1,-9.44452,-512.24146,200.43396,0.474121094,20.899624,234.58505,0.10186287,0.001539623,1792.111314
1,-6.2909846,-445.75925,183.49448,0.439453125,11.847818,171.55849,0.18589593,0.000833431,1525.667029
1,-6.3834443,-476.1117,191.08374,0.518554688,28.999693,285.735,0.15663584,0.001134713,1911.639386
1,-9.6493435,-544.261,197.18408,0.393554688,14.812647,180.95258,0.08222469,0.000546813,1403.531933
1,-7.270852,-470.54694,193.91602,0.352539063,12.316629,163.8859,0.15400742,0.000453013,1406.562273
1,-6.718442,-474.49353,199.29964,0.372070313,12.495822,172.97366,0.14461426,0.000715799,1409.12384
1,-7.653022,-462.39624,179.43852,0.557617188,7.5194755,128.23053,0.14098151,0.000857059,1479.029911
1,-7.597116,-482.7257,202.4559,0.3515625,15.117653,185.37459,0.11514884,0.000755378,1533.067043
1,-6.1854987,-518.44604,206.33066,0.384765625,9.927254,144.38548,0.12403072,0.000453449,1423.496719
1,-5.6497855,-516.59845,216.20357,0.356445313,22.918581,244.3166,0.09289662,0.001090229,1737.551093
1,-6.7077107,-506.85278,198.73071,0.436035156,16.782194,202.36484,0.114894055,0.000514399,1618.22681
1,-2.6953342,-522.4907,240.5021,0.157714844,14.295627,175.96324,0.14976579,0.000386452,1326.593507
1,-4.253406,-423.2936,217.31976,0.397949219,27.037773,266.2098,0.1118316,0.000860807,1539.685628
1,-2.6389892,-510.00253,215.93047,0.419433594,18.486355,218.07709,0.13850373,0.000622918,1497.607564
1,-2.9410753,-509.31747,211.285,0.346191406,23.352919,248.59018,0.122799695,0.000640157,1406.786063
1,-1.7458957,-540.5054,231.76086,0.299804688,11.503276,160.66219,0.16191122,0.000542202,1306.993902
1,-3.8751862,-491.71396,209.6463,0.220703125,19.708502,208.6161,0.13432015,0.000488422,1369.959294
1,-3.115248,-501.97684,206.20169,0.428222656,13.802011,178.28513,0.14942548,0.00048238,1301.199622
1,-1.5123299,-514.3728,222.75412,0.339355469,6.3614516,106.916626,0.14079808,0.000665007,1236.265085
1,-4.234441,-435.95053,212.58527,0.302734375,18.918661,208.16998,0.13081516,0.000357502,1587.241979
1,-3.57658,-455.81366,213.34927,0.28125,11.792319,164.39577,0.1504547,0.00038228,1381.652141
1,-3.1854706,-533.8766,222.9528,0.389648438,23.944534,244.39185,0.1163632,0.000503431,1565.084784
1,-5.7458215,-498.85965,194.5733,0.407714844,10.82563,166.07332,0.122571714,0.000650494,1734.181145
1,-3.101757,-500.86298,216.80867,0.466796875,24.01755,255.50064,0.15478334,0.000947872,1847.135019
1,-5.0854955,-562.05676,224.70523,0.478027344,18.934748,217.64926,0.088060714,0.000392128,1456.821276
1,-3.828099,-481.41196,213.26176,0.350097656,14.740232,186.53496,0.118946336,0.000415283,1346.145742
1,-3.2892992,-519.96497,226.07463,0.5234375,4.104831,93.26586,0.12835829,0.000397815,1341.168502
1,-5.3401623,-560.8517,222.2799,0.29296875,26.832132,242.44534,0.11594057,0.000621123,1397.44055
1,-8.228843,-544.75916,196.84406,0.365722656,21.605623,229.97092,0.08845654,0.001090755,1622.666857
1,-5.978235,-532.158,217.75488,0.405761719,18.351942,214.68945,0.15797283,0.001088777,1637.274095
1,-7.558861,-515.0934,199.20337,0.323242188,17.60131,192.7799,0.12177248,0.000939594,1590.089163
1,-7.3514223,-562.5971,209.29904,0.426757813,12.633807,169.94205,0.10862222,0.000922603,1475.284165
1,-4.4848466,-474.49524,198.63837,0.446777344,30.869871,276.27997,0.14984483,0.000703426,1919.340227
1,-4.5351267,-454.8974,189.9065,0.514160156,11.283706,148.94742,0.16047026,0.000826934,1664.75936
1,-6.2583027,-450.3829,190.94238,0.452636719,16.551685,189.9806,0.11407314,0.000780018,1916.311541
1,-5.878808,-475.86707,175.22562,0.361816406,13.816602,192.70128,0.12529872,0.000750486,1776.276519
1,-6.0284758,-442.19415,146.08328,0.494140625,7.768889,144.91231,0.18977547,0.00100596,1957.429792
1,-7.858187,-503.30746,187.95914,0.521484375,16.737839,214.773,0.121261604,0.000910847,1836.626379
1,-5.564252,-479.15082,195.99518,0.435546875,4.681833,91.55104,0.12994875,0.000636991,1510.203616
1,-3.492562,-468.31564,188.55188,0.371582031,3.71395,80.97423,0.14126275,0.000390028,1377.278111
1,-5.3248396,-496.12973,172.09772,0.491210938,4.7702913,102.746376,0.1371183,0.000507174,1444.700773
1,-4.9921637,-470.79617,169.52708,0.278320313,2.1540198,55.337246,0.17117867,0.000430926,1253.863019
1,-6.945941,-523.4749,199.1238,0.372070313,12.345916,152.02022,0.09637575,0.000836322,1527.977664
1,-9.2880125,-539.2246,188.53497,0.458007813,9.767234,129.25629,0.07996049,0.001223668,1538.577483
1,-8.190896,-526.6997,211.62334,0.40625,11.326169,159.32161,0.07138672,0.001273208,1549.278404
1,-7.48312,-479.68518,197.67804,0.517089844,8.7934885,147.55019,0.14375246,0.00067496,1555.452306
1,-6.2659397,-479.02112,200.06482,0.453125,7.403919,141.44997,0.1649854,0.000616389,1647.680502
1,-9.091194,-529.97064,196.45436,0.341308594,8.471877,126.92048,0.08306163,0.000400249,1437.987362
1,-8.968901,-528.0158,170.39873,0.353027344,4.438144,77.62284,0.10520252,0.000711997,1383.36169
1,-11.286406,-528.84485,180.63068,0.445800781,3.94525,68.86961,0.092008695,0.001259176,1538.407415
1,0.002940638,-475.6769,206.72842,0.384765625,25.033155,249.13927,0.14627987,0.000468086,1655.551592
1,0.13191636,-443.82336,194.35657,0.405273438,16.650272,203.68494,0.14085841,0.000381456,1580.154445
1,-4.2907033,-526.6156,214.32062,0.420410156,24.223787,254.20058,0.07174681,0.000650378,1693.49769
1,-2.0771868,-482.66476,180.99947,0.427246094,12.338039,177.74886,0.13002342,0.000652399,1888.535213
1,0.93642735,-351.91916,204.08835,0.41015625,25.80457,268.1523,0.1740479,0.000494293,1802.496515
1,0.11137803,-479.46216,190.45044,0.372070313,15.559442,200.45699,0.13826433,0.000293914,1685.515073
1,-1.4048805,-508.06787,216.54343,0.348632813,13.141456,170.78178,0.11781146,0.000332787,1482.770633
1,-3.6155558,-484.75104,198.71115,0.329589844,15.751353,198.38184,0.084849074,0.000494331,1560.413129
1,-1.2139558,-533.98706,208.52698,0.491699219,9.253391,147.44946,0.14018051,0.00046715,1504.471685
1,-13.631528,-531.79803,142.01154,0.40625,34.222187,305.41275,0.071318224,0.001685982,2251.779099
1,-11.384677,-526.6967,141.57384,0.4453125,38.362537,315.81708,0.10075276,0.001917173,2326.573078
1,-10.636838,-541.36206,181.25293,0.401367188,21.390226,230.71342,0.09553141,0.000980044,1835.607636
1,-9.292812,-464.37915,177.5917,0.465332031,23.713106,247.81483,0.088372216,0.001135118,2010.902234
1,-12.365676,-569.72986,187.21841,0.395996094,26.76274,264.5694,0.06429914,0.001477022,2018.185649
1,-7.104414,-443.5901,150.87973,0.385253906,27.147303,273.41586,0.22447817,0.001016024,2127.075759
1,-9.726822,-490.6419,157.06177,0.468261719,27.36858,273.35153,0.09627239,0.001032335,2262.960034
1,-8.230662,-490.27368,152.22543,0.441894531,22.558754,252.26976,0.13247369,0.001162704,2088.411784
1,-8.0168495,-449.31104,139.26317,0.466308594,23.815638,252.92276,0.13638732,0.001103166,2194.9248
1,-10.462905,-466.4828,164.53195,0.36328125,24.225609,242.93987,0.114738844,0.001207089,1862.153195
1,-10.831782,-517.2273,175.47284,0.382324219,21.450035,236.00357,0.12755077,0.00078304,1956.597517
1,-9.932962,-480.5765,152.14847,0.463867188,29.812397,284.0623,0.14615579,0.000929873,1968.25925
1,-10.506058,-527.6284,145.52109,0.489746094,37.15993,313.34723,0.090915255,0.001100935,2079.269983
1,-10.314893,-500.79187,143.46793,0.528808594,20.09653,230.8719,0.09849568,0.001218315,2013.219265
0,-12.965833,-542.0458,164.28989,0.442382813,51.584866,357.22522,0.101291046,0.002680218,2138.843511
0,-12.606698,-567.97473,164.79117,0.540039063,47.64708,350.96243,0.08376832,0.001833684,2418.244833
0,-16.577456,-587.1078,147.41881,0.366699219,41.785652,318.1732,0.07729262,0.002592525,2140.453258
0,-16.272282,-536.66547,155.46268,0.533203125,37.439323,302.12875,0.0953722,0.002435588,2249.361427
0,-12.247066,-527.35645,174.05792,0.454589844,47.989548,348.5518,0.07430924,0.00232604,2287.604637
0,-15.363449,-572.93567,168.51402,0.454101563,42.59034,324.2546,0.09607673,0.002688976,2175.874961
0,-15.369409,-548.4166,152.19943,0.502441406,45.8927,349.38098,0.095359996,0.003035721,2356.86329
0,-11.471551,-581.4835,197.83325,0.450195313,45.66413,349.04535,0.085153766,0.001711796,2188.950489
0,-11.350073,-556.83417,173.50986,0.568359375,33.94397,299.00504,0.08044221,0.001302277,2190.800235
0,-12.044313,-549.5165,186.37761,0.438476563,31.84047,275.3269,0.09508597,0.00176833,1981.626796
0,-16.155207,-583.64703,182.01602,0.438476563,38.56242,308.86603,0.071303666,0.001831924,2051.836531
0,-12.378128,-526.89136,160.69397,0.422363281,46.62689,349.4225,0.07108568,0.001511262,1999.90204
0,-16.470839,-589.5942,165.47102,0.384765625,30.433666,274.9883,0.0733965,0.001903573,2052.791918
0,-16.602566,-555.6308,154.47568,0.472167969,34.21592,293.46155,0.09044648,0.002237786,2175.090231
0,-18.596199,-654.21643,147.88997,0.434082031,38.788105,321.62,0.05983681,0.00295394,2330.682876
0,-13.886213,-555.08215,127.09349,0.479003906,54.276333,369.51187,0.11862869,0.003639987,2433.466213
0,-17.916473,-627.8411,147.52678,0.401367188,43.68646,332.3477,0.05428316,0.002346239,2090.156264
0,-15.496609,-577.3049,147.63945,0.2734375,46.624195,332.36136,0.09852059,0.002916708,2129.432602
0,-13.407332,-533.6018,162.02432,0.487792969,38.66431,317.05225,0.114964336,0.002623954,2331.413577
0,-16.26253,-603.1479,133.28085,0.478027344,32.47871,291.15176,0.07429728,0.002715561,2218.14607
0,-13.965273,-536.70447,137.28456,0.500976563,39.433834,325.54932,0.08495869,0.001834063,2210.047168
0,-13.508334,-574.2221,165.32703,0.462890625,36.12282,291.87347,0.08179707,0.001574397,2176.324086
0,-16.932804,-633.8586,170.80737,0.406738281,34.757618,287.71927,0.041851263,0.001381027,1917.712867
0,-13.266797,-559.06213,155.52164,0.384765625,29.28113,274.49036,0.09372942,0.001938347,1965.549678
0,-14.343699,-570.7637,170.56903,0.481933594,39.58164,321.0168,0.075460024,0.002001696,2026.201702
0,-14.900598,-556.11005,154.0976,0.38671875,24.204641,250.81412,0.07650379,0.001455384,1994.395759
0,-18.58833,-653.6092,179.1781,0.430175781,55.635338,373.14792,0.062490217,0.00361968,2163.039153
0,-18.50036,-606.5097,179.94254,0.409667969,38.981174,310.56168,0.0514209,0.001901911,2022.391481
0,-17.84999,-582.5145,134.11816,0.26953125,46.707172,337.26498,0.049230587,0.001577826,2023.644339
0,-15.272056,-547.3889,172.47859,0.422851563,50.600407,362.02017,0.07649546,0.002881974,2281.329901
0,-17.895262,-582.32874,166.40901,0.440429688,47.613556,352.5366,0.061152775,0.003558282,2362.082462
0,-17.071743,-577.55054,127.2148,0.435058594,52.812634,381.9601,0.09070313,0.003341545,2392.277883
0,-16.43343,-581.8747,149.60297,0.442382813,23.98031,246.96466,0.09353577,0.001383245,1929.889874
0,-16.18854,-568.1926,147.3378,0.419921875,31.351873,288.46512,0.09377257,0.001847979,2188.792616
0,-9.159986,-488.97452,196.4801,0.530761719,37.702374,294.63058,0.1156971,0.000788193,2024.770026
0,-15.299277,-605.0098,171.34254,0.299804688,35.44262,286.12085,0.06346958,0.001291101,1995.06379
0,-18.765156,-574.605,154.11655,0.3828125,33.787094,288.91727,0.08910218,0.001705995,2129.950722
0,-15.564055,-543.26,150.62805,0.354980469,32.116425,285.377,0.10593371,0.001402978,2057.420781
0,-14.556072,-564.4597,153.09064,0.266601563,33.59333,302.63818,0.0945475,0.00142503,2048.921168
0,-11.090029,-654.327,187.4275,0.453125,67.76676,405.33127,0.07190425,0.003443211,2391.205915
0,-10.031128,-578.6507,183.18134,0.541503906,53.030823,365.60452,0.08345034,0.002120442,2385.854233
0,-6.6340113,-544.1287,184.59448,0.537109375,71.2602,424.54465,0.08785134,0.002801226,2572.007174
0,-11.328009,-559.9857,192.57648,0.377441406,61.615826,388.80722,0.10651644,0.003730181,2236.072432
0,-13.354541,-591.77954,177.33447,0.478027344,50.09002,353.44147,0.039381344,0.002076275,2176.207018
0,-11.615554,-558.07825,172.3587,0.519042969,66.750595,409.41336,0.049873475,0.00458538,2433.775362
0,-13.007915,-565.7129,178.05936,0.41796875,52.27824,359.49527,0.059921376,0.002583244,2259.007589
0,-12.761063,-500.5019,153.12515,0.527832031,52.180122,351.49002,0.07073954,0.002463918,2002.01338
0,-12.789145,-546.31915,161.22552,0.404296875,54.86714,365.70734,0.06000981,0.003202912,2025.834394
0,-15.678567,-596.4955,166.23792,0.540039063,44.87674,340.95145,0.038687572,0.002409009,2171.853299
0,-15.71517,-566.2662,169.83525,0.522949219,48.980522,337.04422,0.067455,0.003090417,1980.575031
0,-16.125994,-539.20557,165.77704,0.565917969,36.352543,291.6918,0.073143065,0.002935013,2049.695652
0,-15.803034,-528.01404,166.32141,0.46875,30.523407,264.305,0.08928877,0.001836514,1946.626293
0,-11.453012,-533.6566,200.08707,0.509765625,31.374561,275.1862,0.07732535,0.00143643,1930.390051
0,-16.825886,-560.8059,171.37143,0.379882813,34.212753,288.96448,0.0734922,0.001989866,1909.292223
0,-13.340407,-581.01697,179.83781,0.483886719,27.238264,259.78018,0.075352564,0.001461765,1802.23453
0,-11.619373,-550.68427,191.46352,0.437011719,30.582806,255.94902,0.107680745,0.001755196,1858.964298
0,-13.434348,-626.4321,209.1683,0.422851563,29.644175,264.8127,0.041740824,0.001210272,1800.147229
0,-14.453873,-537.7376,174.53906,0.416992188,25.649702,239.07335,0.073726945,0.001626734,1762.703937
0,-13.228612,-541.55133,185.98009,0.44921875,31.692917,275.11832,0.08827761,0.001604213,1799.586748
0,-14.903932,-575.0353,167.3786,0.437011719,20.649422,209.58124,0.06753348,0.00167531,1803.077651
0,-14.896268,-623.9368,179.32367,0.452148438,52.34373,359.47528,0.065984786,0.003623184,2100.171771
0,-12.425108,-533.6492,170.77765,0.367675781,37.05404,309.43015,0.090075515,0.001747847,2070.071532
0,-13.002672,-549.9609,177.08578,0.272460938,40.40835,324.66507,0.113594174,0.001832881,1946.234614
0,-13.407985,-567.2983,182.21146,0.395996094,51.67068,362.9791,0.10731285,0.002841981,2143.663088
0,-14.369873,-577.75037,187.3613,0.419921875,61.283897,402.9141,0.09514242,0.002842072,2242.227923
0,-10.595091,-518.8317,176.6306,0.380859375,34.958485,299.03342,0.13351516,0.001664018,1984.878646
0,-13.473212,-610.6245,187.90738,0.497558594,47.90506,362.69775,0.073093906,0.0024987,2315.787475
0,-13.272139,-540.87933,177.91373,0.313476563,38.820137,311.84702,0.09013686,0.001846776,2028.107996
0,-14.897322,-575.04834,180.33618,0.346191406,47.147858,342.4479,0.08619504,0.002693127,2189.354531
0,-11.640231,-516.3471,186.62733,0.293457031,37.7711,303.72656,0.07199362,0.002137146,2014.302688
0,-13.849014,-580.8227,189.02274,0.3671875,49.810863,358.72238,0.09113954,0.002141753,1948.123914
0,-17.679995,-574.86176,167.84232,0.352050781,46.01875,351.90106,0.07917572,0.002985513,2244.057951
0,-13.602545,-539.652,136.6486,0.52734375,39.142662,311.12003,0.07275566,0.002312608,2225.266392
0,-15.751683,-564.294,151.89412,0.451660156,33.406902,272.08487,0.079071954,0.001428876,1915.368037
0,-16.347792,-549.9853,155.53879,0.3125,23.157305,221.98727,0.10325036,0.00209513,1881.49947
0,-14.282667,-519.07465,167.03514,0.486328125,27.56208,263.79904,0.078760065,0.002492018,1989.401759
0,-15.732773,-505.22296,149.7839,0.485839844,40.758648,318.52393,0.07898287,0.003380551,2200.444352
0,-17.32111,-558.2586,146.41983,0.445800781,27.451767,267.3268,0.075403735,0.002931963,2206.239662
0,-12.054888,-538.48944,165.20691,0.430664063,20.812197,226.60806,0.12915204,0.002004834,1938.294288
0,-14.45247,-509.43842,159.97691,0.257324219,21.207388,200.6463,0.13511874,0.001675681,1822.506799
0,-15.984806,-545.92413,158.41751,0.321289063,27.223177,239.02515,0.08830086,0.001548678,1913.463733
0,-14.713065,-508.5282,151.15102,0.48046875,30.15349,258.10245,0.09486806,0.001697365,1812.278357
0,-12.904731,-530.32263,153.6941,0.192871094,14.168004,163.26434,0.13329,0.000911539,1687.331068
0,-15.177507,-564.3741,139.63539,0.282226563,23.620186,224.47229,0.08038901,0.001250811,1860.437342
0,-15.475479,-541.7954,159.2738,0.503417969,28.523613,255.44963,0.09327759,0.003252049,2223.866975
0,-13.854451,-592.7224,158.61655,0.501953125,36.822224,297.03113,0.08196752,0.003211137,2171.109712
0,-17.108086,-582.75696,141.25122,0.550292969,34.65844,289.41632,0.0761737,0.002794238,2181.22203
0,-16.734684,-577.8452,134.67313,0.5234375,32.102997,284.16837,0.084412016,0.002840049,2320.223659
0,-16.556454,-569.88763,146.53395,0.25390625,25.289879,242.77231,0.106659055,0.002904896,2146.03266
0,-15.971355,-553.65936,145.88425,0.422851563,28.626987,260.0156,0.074986264,0.003285815,2057.5879
0,-14.007443,-523.77716,163.17023,0.545410156,32.648823,293.11258,0.096340664,0.003066824,2339.751785
0,-15.370055,-528.88824,168.2096,0.503417969,29.334757,276.64923,0.0969059,0.003212827,2414.156148
0,-17.255077,-580.48676,130.39127,0.47265625,21.537222,238.88148,0.07989192,0.003751916,2325.85497
0,-13.423996,-566.3873,160.28444,0.575683594,29.551819,277.32294,0.099513024,0.002253592,2269.702212
0,-12.227175,-547.38214,163.63492,0.469238281,43.004055,313.9718,0.07552314,0.001854918,2320.951554
0,-12.690571,-559.53784,161.06033,0.336914063,23.534866,222.91397,0.09194051,0.001997399,2326.44423
0,-15.539584,-549.23065,137.5373,0.474609375,30.814817,273.77136,0.07188268,0.001978752,2175.489317
0,-17.039341,-586.07526,154.876,0.456054688,34.492622,294.7767,0.072843835,0.002335975,2203.157478
0,-15.403986,-576.3144,151.36404,0.517578125,34.516132,294.23334,0.09380564,0.002652305,2295.462988
0,-15.526897,-595.227,156.22374,0.355957031,19.653149,217.87784,0.07036731,0.001690219,1949.094815
0,-17.347673,-593.1377,160.88333,0.462402344,55.348885,376.95386,0.08123126,0.004676584,2482.845332
0,-17.111954,-569.3342,136.32364,0.432617188,42.779636,323.4704,0.07145331,0.002476433,2214.868829
0,-16.057724,-568.54346,136.68063,0.473632813,34.515156,301.84875,0.06365525,0.001953746,2214.405325
0,-16.523943,-563.0629,159.93164,0.372070313,40.55518,323.40887,0.08760427,0.003727647,2238.825742
0,-16.90702,-549.94666,147.2322,0.302734375,31.81709,280.0556,0.08961447,0.003536224,2139.595118
0,-15.316542,-581.8969,155.51877,0.502929688,44.062527,337.91104,0.07844823,0.002835705,2456.567839
0,-9.438641,-505.10574,162.98863,0.5234375,36.507713,316.36942,0.12748595,0.001657009,2358.495913
0,-11.598252,-577.3834,162.65053,0.375,36.725723,299.71716,0.09154476,0.002421141,2262.431245
0,-14.714085,-533.61255,155.77835,0.390625,44.178528,333.21246,0.088116884,0.00372454,2352.653928
0,-14.098182,-576.9707,154.06586,0.457519531,36.46187,305.4923,0.08115461,0.002744759,2281.752402
0,-12.961759,-557.3013,162.8041,0.396484375,34.348194,292.26828,0.101410046,0.002268875,2289.184993
0,-14.342772,-636.31616,157.14224,0.440429688,50.574978,358.0212,0.060323328,0.00227865,2312.738772
0,-16.350925,-609.99097,149.61063,0.364257813,36.082962,300.68497,0.0851388,0.002177372,2310.696621
0,-17.483837,-554.055,136.24771,0.528808594,62.383476,408.29907,0.08035436,0.005704312,2658.351592
0,-22.517248,-638.1718,104.254196,0.344238281,52.54173,378.76257,0.05120024,0.005372607,2662.00501
0,-20.351624,-591.94244,114.39671,0.287597656,47.99844,353.4611,0.06657709,0.004341765,2442.511909
0,-19.828156,-604.1586,123.94401,0.512695313,54.60841,380.66412,0.04220638,0.005317932,2752.617744
0,-16.086788,-520.9278,133.96686,0.480957031,53.24115,377.58734,0.09026826,0.004652004,2518.241429
0,-18.088564,-567.9292,124.83529,0.490234375,74.04134,446.1657,0.062564805,0.005915823,2799.885503
0,-20.841402,-612.31274,119.66902,0.486328125,38.53809,326.41663,0.05059909,0.006064536,2707.156543
0,-15.235301,-587.9637,144.27238,0.504882813,47.998547,363.7272,0.087482125,0.002820499,2644.087185
0,-19.977203,-617.73425,130.58511,0.484375,59.620888,408.6373,0.0755892,0.004228087,2850.613479
0,-19.920046,-572.99457,120.084305,0.333496094,51.403244,362.60806,0.054672003,0.004641478,2638.856384
0,-20.115088,-581.5124,127.87534,0.341308594,42.258373,334.1746,0.06269334,0.00507887,2614.584674
0,-19.465328,-616.87946,127.404755,0.466796875,69.76119,441.30276,0.054000963,0.004928547,2765.680922
0,-21.549995,-657.45465,122.55795,0.419433594,51.72123,373.88516,0.040843423,0.003499347,2528.678991
0,-15.391496,-577.75476,131.39928,0.412597656,57.17062,392.7321,0.07934205,0.002790293,2662.47887
0,-7.6892486,-456.9364,207.59889,0.490722656,22.652405,231.27695,0.12944135,0.000941815,1755.085527
0,-11.8756485,-535.1792,178.04071,0.412597656,23.939617,231.05133,0.08167288,0.00258602,1856.080376
0,-13.118253,-573.11035,222.20369,0.544433594,44.46996,332.41516,0.077366024,0.001591155,2155.743829
0,-16.062624,-545.55286,193.00276,0.283691406,19.9456,203.705,0.09503308,0.001433763,1848.011955
0,-10.774445,-521.80914,208.63083,0.395996094,34.898937,298.18402,0.09215765,0.001679578,1995.318216
0,-10.45941,-472.46118,198.82257,0.512695313,28.158003,261.8604,0.09522144,0.001646813,2022.360541
0,-13.221335,-527.8419,171.1257,0.531738281,38.147873,313.8295,0.07450495,0.004129771,2474.095701
0,-13.730746,-580.702,195.44318,0.431640625,20.04049,205.56607,0.08251634,0.001178158,1916.355134
0,-11.559978,-513.5005,184.36942,0.412597656,16.051445,195.33076,0.09673839,0.000975888,1871.645424
0,-6.893468,-522.97314,166.89351,0.562011719,36.389114,314.35974,0.098298065,0.002313679,2280.332898
0,-6.9310913,-499.60202,193.38922,0.42578125,21.78596,229.44017,0.13740076,0.001558151,1867.050938
0,-8.257854,-526.1455,193.7493,0.393554688,19.702175,233.68948,0.08445866,0.000909437,1918.205939
0,-7.1243925,-543.6256,206.13889,0.468261719,15.820885,191.13869,0.06861674,0.001676605,1669.366006
0,-8.9232435,-507.38095,187.63516,0.51171875,22.10647,226.94704,0.07414768,0.001675034,1928.702393
0,-6.976649,-529.2127,177.23233,0.489746094,32.992996,277.62982,0.10811582,0.001930177,1992.396226
0,-4.420502,-467.4523,176.96751,0.454101563,26.311302,247.94958,0.13223965,0.00186728,2082.557435
0,-5.6843204,-521.404,168.2052,0.514160156,26.0808,238.02591,0.09754645,0.001359291,1907.642065
0,-4.0487323,-464.42944,192.81383,0.456542969,23.700066,242.17874,0.12511656,0.00163681,1977.830111
0,-4.55859,-460.3688,203.83723,0.583007813,21.416769,236.86238,0.18384784,0.001626325,2216.30805
0,-7.5067058,-507.89774,197.24484,0.397460938,14.7901125,179.44028,0.10250599,0.000648365,1601.549702
0,-5.1610537,-495.9634,183.0984,0.478027344,13.373285,168.38881,0.174056,0.001002284,1656.675919
0,-9.409104,-537.68994,185.31163,0.400878906,16.43853,190.23807,0.1058797,0.000932538,1714.869673
0,-8.425185,-535.9847,176.28214,0.542480469,30.678873,267.1608,0.09899537,0.001718675,2046.061046
0,-10.23672,-567.5732,169.27515,0.58984375,23.65792,224.79126,0.07121367,0.001488216,2020.266477
0,-12.692734,-563.9079,160.74222,0.59375,24.161287,235.30458,0.060164716,0.002214625,2290.855749
0,-8.092695,-513.87744,188.1199,0.583007813,10.188572,156.49721,0.13039808,0.001765854,1944.591457
0,-7.3722477,-538.424,177.22522,0.583984375,17.014704,204.24318,0.098032326,0.00170447,1946.273178
0,-10.449584,-538.2577,176.65872,0.443359375,24.835884,234.0653,0.10133564,0.001344854,1993.74583
0,-9.781424,-528.64594,178.25089,0.497070313,16.845556,201.8729,0.0719898,0.001649948,1874.863495
0,-7.397225,-526.4322,186.5735,0.579101563,11.992082,163.72754,0.111999705,0.00151487,1693.276193
0,-6.302564,-530.85114,195.37845,0.490722656,47.34604,343.9544,0.08994494,0.001694923,2262.404282
0,-4.514115,-535.91907,192.5343,0.560058594,24.202055,243.79149,0.10791124,0.001176058,2174.292249
0,-6.878501,-501.90588,183.79576,0.478027344,29.636353,279.22568,0.10273521,0.001885607,2139.351234
0,-5.0713425,-528.07697,184.55608,0.515625,17.384298,212.52226,0.109898955,0.001511518,2169.536211
0,-5.22931,-498.1951,174.66182,0.537597656,38.77856,325.99515,0.14098582,0.002206715,2619.491329
0,-11.8987055,-499.9991,181.39789,0.457519531,43.65719,318.9065,0.122692965,0.002605743,2099.694711
0,-15.012956,-545.77423,173.64789,0.491210938,44.01775,330.33887,0.08511316,0.001704216,2280.790999
0,-11.141108,-520.87616,185.46028,0.560546875,35.221474,285.12515,0.11361889,0.001412225,2084.473922
0,-11.606294,-534.1878,179.33458,0.44140625,27.275837,244.37729,0.09973505,0.001198253,1859.975223
0,-16.316303,-589.7346,185.97366,0.544921875,35.926758,300.2779,0.06425372,0.002130992,2232.218779
0,-12.274125,-504.0064,161.93738,0.529296875,21.442486,236.33398,0.13356245,0.001227786,2035.667213
0,-11.571395,-526.66266,173.03479,0.568847656,24.48816,255.07358,0.12017559,0.002438163,2297.80126
0,-10.4431305,-534.98126,179.23523,0.495605469,25.174097,243.18132,0.14079693,0.001275336,2039.906975
0,-12.850024,-543.29175,178.6442,0.510742188,30.499569,270.71777,0.08959298,0.00124472,2056.645018
0,-15.1895895,-534.47253,163.96448,0.528320313,25.904215,254.07039,0.07285686,0.001747894,2011.461208
0,-13.34118,-562.729,177.95499,0.561035156,21.407967,230.51692,0.100563325,0.001505917,2001.152086
0,-12.171091,-547.93146,151.02838,0.47265625,33.786064,282.8044,0.09773632,0.001761167,2306.418411
0,-11.452587,-529.25726,173.29211,0.466796875,38.621845,314.69235,0.09791347,0.001432426,2203.591539
0,-6.576494,-535.289,182.94482,0.447753906,33.749237,284.06454,0.11687247,0.001218414,2144.607423
0,-15.153445,-581.053,164.64265,0.449707031,27.873106,266.065,0.06945829,0.001630457,2194.087208
0,-12.187007,-547.8238,194.90668,0.529296875,23.337677,237.86667,0.121045455,0.001578356,1876.201676
0,-11.927734,-496.39865,153.01205,0.395507813,28.414938,268.65036,0.11004086,0.000982721,1999.051941
0,-11.04043,-579.37537,151.90335,0.401367188,35.666264,305.70718,0.059870105,0.00124045,2288.859455
0,-9.152014,-485.9299,182.48978,0.481933594,34.602882,305.0809,0.104669504,0.002900124,2300.691594
0,-10.070931,-529.53467,158.81479,0.333984375,30.937511,275.42804,0.09823572,0.001241284,1843.988011
0,-9.893266,-518.79755,171.54391,0.508789063,21.590025,230.78171,0.10557168,0.000979883,1986.822609
0,-11.395915,-483.08633,147.62541,0.302246094,10.562321,163.29488,0.18234776,0.000973512,1744.216229
0,-5.7467895,-575.91766,165.18536,0.404296875,49.283333,354.49606,0.08237346,0.000795378,2064.344128
0,-6.7343206,-550.3999,208.10916,0.469238281,43.14204,338.798,0.1140455,0.001823711,2334.387908
0,-9.303222,-522.4889,197.61325,0.387207031,35.030167,308.52448,0.11411555,0.001394649,2126.097868
0,-6.3449154,-520.3164,124.3398,0.493652344,32.860092,305.0752,0.13340008,0.00193449,2736.184034
0,-5.296415,-534.9581,181.23456,0.454101563,26.456799,267.23972,0.10543863,0.001747254,2338.509026
0,-7.0088315,-512.0014,181.77136,0.461914063,47.59911,351.6605,0.12754202,0.001295227,2264.963327
0,-3.6138706,-523.55743,170.25674,0.497558594,21.83052,234.46263,0.14512867,0.001027041,2146.040245
0,-1.2920904,-507.5466,174.62764,0.297363281,30.444715,278.34232,0.11765023,0.000799488,1931.196083
0,-4.600226,-521.641,218.08714,0.444824219,34.763004,294.5914,0.11722875,0.001057415,1939.339088
0,-4.651661,-518.7883,208.9487,0.456054688,28.941174,274.91486,0.11157588,0.001047536,1946.805248
0,-10.866701,-571.12897,200.64198,0.352539063,16.523851,182.64983,0.08575439,0.00133757,1698.241587
0,-7.5669103,-539.50977,201.28546,0.429199219,29.832699,279.4845,0.10021001,0.000843437,1938.338568
0,-12.15334,-551.20355,173.9499,0.404296875,19.63169,225.18503,0.11231872,0.001660817,2034.210948
0,-6.7703123,-580.7437,200.80777,0.359375,33.084286,299.87933,0.108606,0.001103142,1941.535658
0,-5.4736257,-523.4939,196.11205,0.461425781,18.936722,206.35912,0.11011372,0.000970528,1919.400271
0,-8.632033,-577.7204,205.91978,0.41015625,18.549257,209.97821,0.08728822,0.000929629,1725.000221
0,-5.0440016,-505.36407,204.444,0.498535156,12.41007,175.45909,0.11706126,0.000874781,1824.401558
0,-6.6159096,-505.12595,194.58527,0.436035156,11.3740635,170.29626,0.111880265,0.000793024,1895.42676
0,-4.800121,-464.05246,176.45198,0.325195313,32.8312,283.12173,0.12827307,0.001143168,2023.202509
0,-6.630127,-541.6335,185.06906,0.404785156,37.875336,309.30322,0.082632676,0.001357818,2047.302251
0,-6.474415,-442.77774,201.50491,0.344238281,28.46615,259.41895,0.08787735,0.001669831,1977.051287
0,-3.179095,-600.28265,206.12094,0.249511719,23.528439,239.094,0.10226071,0.000896934,1926.569206
0,-6.6713376,-650.6432,214.29526,0.269042969,14.786799,178.72336,0.06786522,0.000802426,1513.667196
0,-8.627822,-515.47754,190.53235,0.41796875,22.41536,232.98053,0.096737504,0.001514431,1897.270132
0,-9.555779,-582.3493,194.15509,0.453125,32.827038,284.42023,0.07592517,0.001668713,2098.592383
0,-4.6071334,-504.419,169.069,0.464355469,18.294579,205.93484,0.09660858,0.001037489,2016.379143
0,-5.328962,-518.9481,173.75433,0.444824219,18.966875,203.30696,0.11064174,0.001363067,2011.627359
0,-3.6026423,-483.96167,198.60454,0.416503906,18.998375,224.54652,0.15651543,0.001200827,1762.607486
0,-6.162617,-485.84296,196.7746,0.540527344,25.028057,255.51442,0.16220498,0.00142473,2141.576497
0,-4.6715503,-451.02942,183.93024,0.266113281,9.537417,130.4064,0.13427907,0.001086873,1704.068417
0,-2.9082232,-465.86774,153.03195,0.387695313,17.561958,204.69473,0.14961645,0.00090017,1804.164904
0,-7.661668,-498.555,172.92722,0.520507813,28.22498,261.24033,0.117309675,0.001747836,2062.657796
0,-11.252137,-528.6453,178.57767,0.513671875,26.348694,251.10406,0.12669806,0.002180264,2092.229289
0,-11.010532,-543.5771,167.54877,0.453613281,20.7843,218.67555,0.10561106,0.001503403,2019.094722
0,-9.342556,-499.8127,152.54813,0.415039063,33.115814,280.11667,0.108798735,0.00150683,2219.626774
0,-8.366022,-517.4837,193.64148,0.46484375,23.439245,243.10187,0.117671035,0.001502398,2143.901044
0,-11.788817,-548.79364,156.94577,0.529785156,34.830193,298.00714,0.07875372,0.002462384,2085.304189
0,-11.366196,-516.2558,142.96179,0.484375,9.395498,151.0762,0.11271295,0.001949335,2178.561022
0,-11.551669,-514.8136,140.39757,0.485351563,22.135107,242.46822,0.100098856,0.002188805,2339.494291
0,-12.150431,-556.3374,152.73232,0.488769531,18.71204,198.6934,0.07273093,0.001347623,2212.545246
0,-12.123202,-588.98975,173.4295,0.39453125,19.950064,211.6327,0.094229296,0.00128501,1978.865155
0,-9.464787,-487.4438,160.71329,0.408203125,20.063936,217.08398,0.15299183,0.001000474,1820.618863
0,-9.686286,-397.31247,174.15173,0.307617188,13.037025,168.7233,0.13136384,0.000946622,1744.762223
0,-9.632279,-506.683,180.15419,0.484863281,29.42695,267.8678,0.09117011,0.001006985,2139.88211
0,-4.839808,-550.64825,184.86581,0.399902344,21.44792,222.97125,0.11584784,0.001245316,2102.904206
0,-4.8826427,-493.21616,190.42891,0.350585938,18.412975,194.0705,0.14913085,0.00061586,1910.509108
0,-9.211474,-462.44083,164.82028,0.386230469,20.517052,227.54448,0.11561905,0.0015629,2192.064578
0,-8.556849,-533.8042,184.91626,0.520507813,27.413956,267.776,0.1104409,0.001435827,2199.355352
0,-0.01082935,-412.20325,176.92886,0.350097656,26.140274,262.13638,0.15345134,0.000637847,2222.269126
0,-6.468301,-519.72845,180.84254,0.427734375,26.970871,262.21765,0.11184442,0.001151415,1969.056247
0,-9.724513,-566.9901,162.53458,0.409179688,24.17778,243.56754,0.099424146,0.001236972,2054.098189
0,-15.586429,-595.2924,138.52277,0.407714844,25.120203,247.90067,0.10022394,0.002272715,2281.838483
0,-13.568056,-570.7917,179.65558,0.452148438,48.25891,359.6456,0.110037975,0.002953379,2575.612282
0,-12.516556,-516.32385,102.8905,0.474609375,35.138603,310.20044,0.12349452,0.003343505,2673.542741
0,-14.215334,-550.33673,133.9426,0.463867188,52.639156,362.39816,0.06789063,0.002096436,2356.786339
0,-14.713614,-522.0757,138.89174,0.348632813,32.0559,278.91815,0.07932646,0.001944694,2243.260389
0,-15.862796,-586.7525,127.48267,0.458007813,41.651787,326.4314,0.06820446,0.002326539,2443.575393
0,-12.838183,-511.1041,137.32544,0.391601563,39.539856,317.82037,0.12923487,0.001746939,2281.370632
0,-9.845324,-586.81696,201.81943,0.469238281,32.230663,272.51755,0.06448879,0.001159849,1851.787049
0,-12.997082,-507.02832,166.26076,0.456542969,23.34241,236.9644,0.098398425,0.001352952,2073.10201
0,-12.643791,-550.92377,174.56657,0.471679688,37.43473,292.30078,0.08148212,0.001722101,1867.954296
0,-9.341894,-513.6055,193.89763,0.450683594,32.297554,288.78323,0.09862332,0.001619435,2055.991548
0,-9.720987,-503.3049,166.37193,0.528808594,19.283201,222.70825,0.12095517,0.001864489,2173.663137
0,-12.479301,-543.1775,166.82184,0.548339844,22.337204,238.74028,0.11310254,0.001682352,2267.7932
0,-8.407957,-487.32043,183.8344,0.475585938,27.87338,271.77167,0.14214417,0.001618256,2035.766021
0,-4.9928665,-459.49762,190.15636,0.540039063,19.561012,225.38976,0.15382034,0.001339127,1656.421989
0,-7.7206597,-523.8271,188.62698,0.36328125,10.286128,143.61058,0.118156716,0.001555867,1592.535584
0,-10.462399,-518.29724,164.31451,0.390625,12.981136,153.85165,0.08614855,0.001246782,1578.93233
0,-9.901796,-531.90247,197.18721,0.452148438,18.446596,221.26178,0.12201689,0.001524052,1778.436574
0,-10.079219,-499.8614,160.52501,0.430664063,12.120446,174.90512,0.12285354,0.002233845,1877.447445
0,-9.226628,-528.0581,175.67116,0.493652344,20.071844,234.4428,0.14175908,0.001692719,1949.214806
0,-9.8980875,-492.83038,175.65909,0.566894531,25.72515,267.56357,0.12170062,0.002301048,2072.0856
0,-10.022141,-513.1528,196.93826,0.378417969,19.280859,211.73047,0.105526924,0.001267922,1865.858351
0,-13.458349,-586.6043,167.88522,0.395019531,16.106855,186.37386,0.0630624,0.001112626,1717.994482
0,-12.099296,-557.50916,160.22787,0.316894531,19.373693,216.53989,0.08785987,0.001663727,1748.870091
0,-10.1180525,-493.14194,164.60184,0.478515625,14.265164,178.46826,0.1304012,0.001437382,1790.270166
0,-15.255096,-600.52655,137.34402,0.403320313,46.76828,348.96918,0.08429475,0.003841639,2342.765634
0,-18.005018,-628.4943,151.7353,0.361328125,25.723894,256.6609,0.06729156,0.001801195,1922.484354
0,-14.161451,-536.724,136.32935,0.376953125,33.3898,292.69205,0.06992856,0.001721903,2224.703139
0,-14.034344,-516.7513,162.13055,0.385253906,29.149334,262.59818,0.09763931,0.001194205,2005.111447
0,-10.299158,-544.1509,175.61188,0.414550781,28.455545,261.26727,0.0878524,0.001713001,2035.800515
0,-10.49328,-545.3043,196.4064,0.276367188,16.537134,176.53752,0.11041731,0.001244331,1721.862653
0,-7.7528353,-512.35815,173.46211,0.523925781,28.48288,268.17996,0.1209274,0.001701576,1860.372534
0,-8.353659,-521.49414,177.58533,0.383300781,19.753862,213.01743,0.107170396,0.001441363,1668.923082
0,-12.018448,-571.391,184.76315,0.441894531,19.23459,207.14388,0.08524515,0.001914841,1847.168059
0,-12.865992,-552.6573,176.96991,0.324707031,24.726728,219.12079,0.06524051,0.001702817,1659.707326
0,-11.119424,-531.4594,192.60083,0.474609375,25.65122,253.33498,0.08097427,0.001506784,1945.304204
0,-13.056343,-555.47943,199.8778,0.497558594,26.088264,249.3468,0.08392893,0.002360537,1914.673451
0,-9.949346,-569.8512,198.91269,0.548339844,29.492907,273.18347,0.071605414,0.001383841,1970.587966
0,-7.61228,-555.4897,200.08716,0.447753906,23.066656,213.03305,0.12254308,0.001551218,1926.183883
0,-9.1636,-530.97473,199.15973,0.463378906,23.921747,227.03525,0.0827245,0.000552644,1731.879995
0,-9.400272,-534.27655,202.11664,0.305664063,21.615389,213.63383,0.06969235,0.000871699,1640.42457
0,-13.090347,-598.0115,180.32663,0.336914063,43.02724,320.28204,0.062432308,0.001369652,1764.584552
0,-9.540476,-556.4489,204.2479,0.400390625,26.429665,241.60991,0.07662422,0.00151874,1636.16644
0,-13.209291,-541.66046,133.92029,0.565917969,15.022744,177.46439,0.11080388,0.002511947,2044.338729
0,-11.109423,-537.1826,161.98941,0.541503906,31.30148,276.5483,0.09491654,0.001569362,2002.325627
0,-12.929418,-512.9369,149.62073,0.422363281,12.9008875,159.80356,0.10746012,0.001441936,1782.964542
0,-13.413722,-544.1954,139.32983,0.474121094,16.25593,202.00323,0.09695622,0.001796375,2077.306982
0,-9.099349,-461.6034,165.23563,0.496582031,18.181381,210.17847,0.13846925,0.001771832,2046.743504
0,-10.400137,-519.6194,183.16011,0.516601563,20.728975,214.8611,0.09252755,0.000817155,1758.445232
0,-11.235676,-557.8422,187.07355,0.3359375,21.486074,220.92133,0.08532171,0.001405681,1932.506656
0,-10.45765,-512.3653,180.3359,0.404296875,20.97112,220.32784,0.09810339,0.001211207,1801.045323
0,-7.8865385,-509.251,167.03271,0.415039063,13.303136,167.89752,0.13680969,0.00071517,1599.883841
0,-10.871186,-541.136,158.08463,0.331542969,20.53138,216.53575,0.1097004,0.000877773,1701.74475
0,-12.846976,-559.0359,149.4151,0.423828125,19.457685,210.59288,0.121153764,0.001599724,1883.30998
0,-14.354516,-583.097,162.33328,0.509765625,23.966036,245.66791,0.086496286,0.002432069,2183.89021
0,-15.233808,-599.09454,170.82794,0.521972656,25.816603,252.54424,0.071718685,0.002684642,2318.61675
0,-12.322031,-574.5605,179.9607,0.48828125,13.877306,177.11252,0.07522346,0.00177557,1913.239309
0,-14.41993,-569.6463,165.52313,0.582519531,17.192131,212.64809,0.06365707,0.002229024,2124.96028
0,-14.5877495,-575.86975,137.63068,0.49609375,19.336761,222.71115,0.072425574,0.002223996,2117.812473
0,-12.501953,-571.6191,158.40018,0.428222656,35.266758,282.0662,0.077489436,0.001569753,2225.537092
0,-15.177494,-547.37866,132.04237,0.425292969,32.63027,277.72195,0.054936633,0.001990983,2016.139927
0,-12.881729,-586.3945,164.02127,0.430664063,44.000088,328.0967,0.07087662,0.002380553,2048.859434
0,-10.070996,-556.4431,182.48932,0.333007813,24.13492,230.61218,0.099681005,0.001842004,2049.175031
0,-11.507584,-555.5801,180.16031,0.413574219,29.676329,278.70782,0.08832394,0.001362909,2189.03538
0,-14.315609,-529.1276,136.6162,0.477050781,24.20619,249.78314,0.10054267,0.002181327,2269.388146
0,-11.406127,-563.0772,161.66577,0.395507813,22.405525,234.41425,0.06786615,0.001790303,2072.363933
0,-12.093075,-593.87683,159.53622,0.401367188,40.560703,319.72687,0.06242162,0.001845665,2078.892276
0,-11.888281,-554.21,143.51663,0.53125,41.00114,325.41434,0.08610905,0.002242842,2457.152361
0,-18.383852,-557.6738,108.36658,0.408203125,36.459618,308.37402,0.08469829,0.003836295,2394.299609
0,-16.777708,-556.9094,122.20105,0.486328125,48.360996,361.81226,0.06883628,0.003558155,2615.845079
0,-15.554046,-518.81964,118.9415,0.477539063,34.68494,306.1456,0.08189544,0.003681299,2531.870414
0,-17.73718,-610.90405,121.015785,0.423828125,31.153961,289.9066,0.053549618,0.003614948,2492.795522
0,-17.612886,-633.40295,113.35956,0.458496094,36.687786,309.8898,0.037643496,0.003068684,2486.735994
0,-14.647841,-570.5776,158.06534,0.490722656,59.35123,393.45926,0.07333995,0.002027324,2533.28677
0,-19.050968,-568.85474,123.63002,0.349609375,36.600563,303.0765,0.055009212,0.002709196,2383.959486
0,-18.143063,-568.0037,135.35828,0.372070313,32.669647,283.5209,0.06825222,0.00228635,2359.724265
0,-18.697542,-578.48914,138.02815,0.455566406,48.31027,353.0406,0.049002722,0.002647155,2281.948767
0,-14.697478,-575.768,115.30935,0.353027344,40.80673,331.36905,0.064908214,0.002247433,2459.126465
0,-6.140198,-557.6153,217.1786,0.370605469,26.649303,251.09554,0.09900638,0.000876108,1386.832519
0,-5.6839924,-534.3779,222.04996,0.296386719,22.13909,232.18565,0.12605655,0.000651314,1481.499672
0,-6.440401,-534.7847,215.7399,0.419921875,19.414509,205.46399,0.10732272,0.000825726,1526.831408
0,-5.8125544,-525.98157,199.21371,0.395996094,30.580706,279.2283,0.11131735,0.001140644,1768.765062
0,-4.6313496,-525.5748,215.5094,0.37890625,15.374066,191.88933,0.15004359,0.000766405,1537.669827
0,-5.4167933,-538.3248,226.35426,0.425292969,26.892729,265.5618,0.105004385,0.001557883,1626.817021
0,-4.7181377,-533.7355,220.19821,0.439941406,22.940554,233.64134,0.10005717,0.000843299,1616.122943
0,-6.2737637,-530.1609,222.42145,0.409667969,20.346888,216.28693,0.09862773,0.00063202,1506.085171
0,-6.3996434,-520.33374,200.86328,0.306152344,18.508379,214.32257,0.099590525,0.000986487,1501.235481
0,-6.138406,-518.19763,205.91019,0.524902344,16.09633,196.25058,0.12950823,0.001093847,1522.237343
0,-7.636261,-535.8363,205.77277,0.513671875,8.566358,126.138214,0.10849915,0.00088707,1490.318763
0,-7.700413,-515.14764,191.60355,0.432617188,13.968652,186.36115,0.100494534,0.000785304,1549.768957
0,-7.148313,-477.95248,185.40005,0.366210938,7.4206314,124.846466,0.15626162,0.000768942,1477.387075
0,-7.27081,-519.89056,200.46765,0.439941406,13.867245,181.57748,0.122247435,0.001109463,1655.217567
0,-7.562895,-522.5204,194.00676,0.432617188,18.513834,225.66829,0.09858108,0.001177234,1761.706847
0,-7.0764527,-471.8252,184.56729,0.460449219,9.862256,159.21179,0.17465608,0.001095621,1718.725783
0,-5.3677273,-452.82617,215.87875,0.423339844,17.734161,218.70201,0.20365208,0.001397562,1813.962431
0,-8.961162,-528.8853,214.69,0.513671875,13.260588,169.13295,0.099398695,0.001087122,1783.956902
0,-8.6535425,-506.3332,208.2143,0.377929688,17.080847,199.88121,0.13278542,0.00075111,1657.503695
0,-8.25918,-504.72058,209.63828,0.321777344,12.54364,170.50099,0.11065039,0.000796141,1447.025917
0,-9.05431,-526.5615,180.66396,0.519042969,9.014638,143.4939,0.105719686,0.001151571,1538.892129
0,-7.203716,-536.9505,205.97995,0.33984375,24.060663,238.71649,0.09433837,0.000713017,1684.540684
0,-4.8309684,-537.5771,226.51157,0.487792969,17.957771,193.3573,0.11357799,0.000661638,1633.941773
0,-7.580542,-555.78754,225.1228,0.319335938,17.42814,212.31375,0.083822325,0.000756492,1563.974515
0,-5.0355363,-461.30237,177.43207,0.495117188,12.332631,178.03339,0.18438627,0.00083092,1779.990607
0,-6.017201,-518.69934,214.8126,0.45703125,19.13481,230.0113,0.12977529,0.00127975,1861.009702
0,-5.0794888,-485.4855,216.0413,0.40234375,10.183517,137.77478,0.14887023,0.000662022,1724.993674
0,-5.3428645,-504.56815,212.16777,0.333984375,17.449001,200.59921,0.13411276,0.000510263,1610.948063
0,-4.8077908,-500.65964,205.63782,0.381347656,18.170927,207.00328,0.106697865,0.000928004,1567.884821
0,-6.5835695,-506.19608,188.91025,0.323730469,10.188748,152.33037,0.12104908,0.000591518,1475.081155
0,-1.9042859,-486.63516,210.75658,0.2578125,26.53909,251.66054,0.109145105,0.000290899,1463.662192
0,-5.6193185,-557.4227,208.72183,0.208984375,18.02081,206.65338,0.10735794,0.000729182,1465.997507
0,-2.426396,-508.61972,232.01181,0.321289063,15.280987,193.2394,0.092005774,0.000493898,1513.162572
0,-1.1998168,-473.7637,214.14728,0.450195313,21.76951,234.10359,0.16041227,0.000590097,1522.50482
0,-5.724702,-588.7393,227.03656,0.391601563,20.257227,219.20724,0.06991344,0.000738207,1426.787811
0,-7.5246406,-597.57947,232.06168,0.344726563,20.306046,222.41054,0.06371277,0.000658701,1573.656467
0,-3.68081,-530.1389,225.58797,0.365234375,11.295276,143.98195,0.10041944,0.000429278,1237.783003
0,-2.6044989,-499.88046,247.69522,0.332519531,15.087667,189.93729,0.12292077,0.000562461,1336.216418
0,-2.7413757,-458.95813,216.20163,0.389160156,19.17914,224.0775,0.15077142,0.000802468,1485.3631
0,-6.6401653,-605.17053,227.20395,0.482421875,17.322035,197.97221,0.07466491,0.00082306,1721.412589
0,-5.797023,-559.7846,239.3988,0.353515625,17.532175,198.4962,0.08011217,0.000469148,1441.73677
0,-3.4126358,-472.6742,214.4723,0.279296875,19.869444,216.02257,0.13663393,0.000661692,1468.095509
0,-4.115937,-545.61865,223.0635,0.3046875,9.49003,148.0666,0.12370941,0.000572615,1340.869157
0,-7.2678423,-533.1078,218.95992,0.341796875,39.750954,305.1288,0.07846072,0.000936852,1680.365207
0,-6.2667875,-560.3803,201.35907,0.372070313,18.419369,203.32831,0.12483312,0.001077407,1758.150634
0,-7.338141,-540.6526,210.29584,0.365234375,27.279024,253.95915,0.08313725,0.001116558,1691.793278
0,-9.387164,-597.4713,198.00832,0.369628906,24.965975,239.3135,0.08924935,0.001226853,1777.487871
0,-5.940764,-456.26184,198.38162,0.412109375,17.792135,201.18172,0.15903762,0.000882338,1708.099774
0,-6.2013025,-466.97247,189.82883,0.47265625,16.494513,192.57849,0.13747631,0.00111859,1755.793517
0,-8.659873,-534.07587,216.09827,0.376953125,13.465353,185.95796,0.08093091,0.000720813,1606.782435
0,-3.520693,-425.6132,171.0618,0.457519531,8.643181,152.61014,0.16267146,0.000875775,1717.210351
0,-3.8234801,-456.19177,219.64468,0.524902344,13.496462,197.34158,0.17111109,0.000797347,1870.24632
0,-4.1192937,-455.83813,198.49834,0.389648438,4.301694,79.692375,0.1607987,0.000552493,1630.496624
0,-5.0647054,-453.3314,190.28583,0.297363281,8.077954,122.766716,0.18169713,0.000474514,1478.700085
0,-7.3135724,-497.7079,177.96753,0.545898438,9.296939,142.05618,0.14156964,0.000579038,1555.660364
0,-6.400789,-464.98206,176.83586,0.41015625,8.719474,141.22305,0.15461454,0.000630629,1502.942226
0,-6.454149,-542.8835,218.11774,0.446777344,14.899213,176.98137,0.09991387,0.000692851,1581.176766
0,-6.223184,-489.74075,200.34796,0.363769531,10.242522,141.99016,0.11296219,0.000823512,1526.993538
0,-5.0010104,-496.05237,221.19115,0.427246094,9.960439,156.73212,0.117910765,0.00085836,1577.782676
0,-5.2887673,-535.89215,206.22638,0.44921875,6.837194,132.2772,0.13832666,0.000866331,1638.98245
0,-4.304771,-476.3146,220.336,0.457519531,10.720687,169.2027,0.16888207,0.000813418,1570.615235
0,-5.918216,-517.869,207.84967,0.310058594,4.1062756,67.76491,0.120222,0.000707507,1469.343577
0,-5.475674,-464.61456,185.29471,0.422851563,7.934108,136.64468,0.1437855,0.000575926,1473.173958
0,-3.0506582,-527.8915,227.26242,0.426757813,33.2307,287.77795,0.10011023,0.000776312,1770.421078
0,-5.106183,-535.13,214.70282,0.437988281,23.542633,239.39336,0.066625856,0.000779162,1916.673758
0,-4.000325,-558.8261,208.99017,0.479980469,29.883148,262.5059,0.07903335,0.000848051,1765.006442
0,-5.4821725,-571.31934,211.63347,0.401367188,27.686539,268.371,0.06933765,0.000778209,1868.225912
0,-1.9709508,-520.0677,213.06123,0.446777344,15.302334,192.93716,0.14250872,0.0007497,1798.350747
0,-4.9641085,-551.9415,181.1497,0.517578125,29.20199,285.04333,0.1032208,0.001168998,2016.308303
0,-4.0567756,-562.45087,217.39,0.393066406,16.75979,198.68388,0.08180922,0.000636479,1763.609169
0,-2.3529456,-533.0508,217.82043,0.364746094,16.828434,196.08922,0.1055077,0.000471441,1671.020053
0,-2.0071359,-543.60876,204.66641,0.356933594,16.965273,196.9489,0.084711336,0.000731197,1530.221109
0,-0.3332569,-507.07315,199.82341,0.385253906,12.691434,174.11058,0.13134469,0.000440093,1474.907693
0,-2.0343525,-538.8365,206.39099,0.274414063,15.970828,198.1135,0.11549927,0.000486735,1498.276718
0,-8.845131,-515.57697,185.63731,0.482421875,32.282974,286.6444,0.10713897,0.001258882,2118.112456
0,-11.211699,-518.84155,167.68411,0.446777344,23.333399,231.73062,0.10632706,0.001712315,1990.330143
0,-9.237102,-524.2961,172.75975,0.490234375,16.205618,189.31908,0.11972651,0.001383028,2021.408919
0,-7.509592,-409.61215,154.79617,0.548828125,23.224096,248.44843,0.20921801,0.001255454,2249.332307
0,-9.126382,-501.42865,185.63754,0.58203125,18.766493,209.296,0.12761553,0.000919461,1962.148152
0,-3.6637545,-513.1155,235.86595,0.465820313,30.741476,282.0619,0.09910703,0.000862257,1763.328828
0,-2.162207,-512.5661,230.01263,0.366210938,21.139235,221.6527,0.101580836,0.000442189,1427.366832
0,-2.7418265,-511.8171,220.90668,0.370117188,29.138397,273.7266,0.10522471,0.000620756,1680.061316
0,-5.6458426,-520.17645,218.66406,0.470703125,23.393478,249.57591,0.074385464,0.001131219,1582.424659
0,-6.1503615,-537.7536,210.10815,0.431640625,13.014873,178.21318,0.07129625,0.000880352,1603.041394
0,-7.392217,-549.20386,224.871,0.396972656,16.232635,197.51527,0.055726856,0.00050147,1382.087344
0,-4.694696,-488.4656,200.63397,0.339355469,15.101312,198.22357,0.107568584,0.000824488,1327.943524
0,-2.4962544,-422.53314,192.8978,0.396972656,5.1816826,107.280975,0.14535135,0.000557679,1461.61885
0,-4.896545,-440.05344,200.62233,0.451660156,6.2381897,123.790215,0.11272708,0.000641406,1291.855447
0,-2.9630823,-439.17438,214.86713,0.478027344,13.653223,192.90253,0.13617504,0.000681937,1410.331157
0,-3.019164,-423.64114,211.8194,0.432128906,10.016572,162.50218,0.14283548,0.000873317,1412.104156
0,-3.7195551,-431.75705,208.89272,0.489746094,8.776485,154.35034,0.1336467,0.000923122,1431.231773
0,-4.304574,-452.00272,195.3763,0.450683594,7.2385364,132.9405,0.097014874,0.000713513,1398.874204
0,-4.4637413,-456.38727,204.43008,0.467285156,8.176348,144.82182,0.09507761,0.000472774,1245.61797
0,-5.426236,-470.73077,186.7944,0.487304688,8.82824,148.07744,0.08716535,0.000839647,1308.286061
0,-4.7622,-462.36426,217.70377,0.458496094,6.5615816,123.77981,0.1101353,0.000581186,1304.609679
0,-1.6331561,-436.0157,229.6937,0.397949219,15.854415,201.11148,0.10996961,0.000727271,1585.547316
0,-1.2715826,-413.07077,215.04245,0.419921875,9.76142,157.07141,0.21414793,0.000756183,1715.995979
0,-0.89630413,-435.77145,202.26251,0.374023438,7.173148,128.34795,0.21110468,0.000527252,1507.48675
0,-1.949825,-434.46054,226.47318,0.377929688,19.69651,219.64543,0.19919966,0.000588925,1589.931649
0,1.8043396,-493.99142,212.51862,0.323242188,23.750801,245.25714,0.16635425,0.000341815,1558.690667
0,-0.64280045,-492.96475,224.4035,0.383300781,15.858585,203.18803,0.14169095,0.000461357,1432.83965
0,0.55600166,-499.4822,224.00694,0.26171875,7.8743935,125.18551,0.13857362,0.000206474,1217.641099
0,-2.7108245,-498.2936,220.59619,0.473144531,17.889612,224.05817,0.107327126,0.000352633,1556.983669
0,-6.500113,-541.5346,250.09,0.483398438,17.105452,216.43486,0.06248581,0.000443637,1589.522069
0,-0.85026175,-485.47217,210.47476,0.477539063,13.084826,191.94022,0.14662802,0.000353259,1614.148071
0,-4.3875375,-527.91144,220.33469,0.512207031,11.9447565,173.07535,0.09559326,0.000473065,1516.175142
0,-5.9807205,-528.16003,238.89552,0.456542969,9.171168,139.75868,0.074667685,0.000458567,1337.197571
0,-5.0392413,-509.12085,222.71396,0.361816406,13.106729,181.12112,0.090513796,0.000468892,1352.554396
0,-2.2969763,-473.97183,216.86365,0.510742188,8.082463,149.42331,0.122214206,0.000317503,1398.135504
0,-4.9145613,-531.78064,230.33258,0.420898438,23.20658,237.54643,0.08860046,0.00068336,1511.793993
0,-2.6369057,-504.38733,215.21399,0.420898438,18.702488,223.4099,0.102863595,0.000591105,1538.55676
0,-4.062063,-529.0637,221.58661,0.274902344,7.5745296,120.93948,0.08125646,0.000333141,1163.917545
0,-3.9954636,-533.9241,229.58063,0.395507813,15.948866,197.09972,0.093144864,0.000362866,1378.509651
0,0.28023756,-428.63055,188.18393,0.5234375,5.0409894,91.39909,0.12775917,0.000627427,1673.62611
0,-1.3763951,-425.03482,174.87619,0.478515625,8.993474,141.10596,0.12592238,0.000619646,1479.163411
0,-0.46857306,-414.9213,199.30008,0.463378906,12.502475,184.14368,0.11319693,0.000643951,1644.596129
0,-0.10586764,-398.457,160.88065,0.458984375,7.8437715,134.45493,0.16592208,0.000930846,1807.934659
0,-0.8170748,-402.76877,183.41678,0.458007813,5.306106,91.49104,0.13998593,0.000458896,1373.24332
0,-2.1630785,-488.87915,200.26811,0.559570313,11.634671,156.26486,0.11657347,0.001003788,2043.058799
0,-2.8733177,-497.1505,207.42163,0.450195313,10.065033,131.97339,0.09212103,0.000757817,1591.862623
0,-4.5634365,-520.80566,221.45757,0.358398438,4.058901,77.695404,0.059029922,0.000411924,1215.277901
0,-2.778566,-505.55475,206.74945,0.469726563,15.537539,201.37805,0.09749663,0.0009147,1808.649973
0,-5.085431,-525.8562,201.56961,0.442871094,9.433106,159.67085,0.08184415,0.001182276,1732.06632
0,-4.666518,-469.41824,177.11357,0.526855469,7.9572797,142.18056,0.10098868,0.001135225,1763.561749
0,-3.7764947,-479.4361,203.54143,0.526855469,7.3079834,121.4722,0.08487567,0.00065895,1591.959929
0,-4.0524845,-501.42325,189.68903,0.474609375,11.01072,146.4714,0.09179432,0.000662393,1610.918436
0,-3.3802931,-477.22742,193.88095,0.473144531,10.838675,153.05652,0.09341339,0.001019846,1616.785078
0,-3.6800408,-504.3209,195.43105,0.542480469,5.9240093,106.7361,0.10249857,0.000680938,1462.79939
0,-0.51884997,-472.88535,215.57016,0.484863281,18.726759,218.02498,0.1467055,0.000516271,1718.331717
0,-0.048125204,-485.3122,204.51965,0.52734375,9.794035,152.7288,0.16726726,0.000390102,1648.651035
0,-0.9283539,-500.86203,206.49017,0.46484375,9.157242,155.56017,0.12970923,0.000202719,1369.913554
0,-2.5001395,-518.1315,202.87573,0.430664063,13.380025,186.79646,0.11522745,0.00042841,1449.262521
0,-7.891107,-456.68585,160.45709,0.416992188,26.25715,269.2317,0.073015966,0.001115533,2070.603093
0,-6.2422466,-395.11398,138.33755,0.513183594,32.81337,294.78192,0.15410243,0.000911225,2276.20399
0,-7.0702143,-408.45105,148.47568,0.464355469,25.818186,258.19702,0.11419207,0.000692729,1992.184273
0,-5.780466,-396.96442,179.80795,0.450195313,20.14188,235.83257,0.10191706,0.000763865,2043.39348
0,-6.3685713,-400.4685,147.31044,0.499023438,25.460611,267.5804,0.07334722,0.000956686,2246.228831
0,-7.0046935,-405.49432,138.15482,0.45703125,17.588108,224.9664,0.0884942,0.001071769,2200.047028
0,-7.4341116,-468.56906,164.66093,0.550292969,15.078778,199.22679,0.1225613,0.00063716,1887.992226
0,-7.574416,-456.78745,141.017,0.531738281,16.123999,208.74481,0.089685075,0.000705186,1914.059293
0,-7.325967,-443.0502,153.07147,0.529296875,16.607239,207.881,0.13982926,0.00101804,1997.695434
