1,-6.140198,217.1786,0.065332031,26.649303,251.09554,0.09900638,0.000876108,1386.832519,22.42389419
1,-5.6839924,222.04996,0.065135169,22.13909,232.18565,0.12605655,0.000651314,1481.499672,23.15721689
1,-6.440401,215.7399,0.077780331,19.414509,205.46399,0.10732272,0.000825726,1526.831408,23.49189823
1,-5.8125544,199.21371,0.092509694,30.580706,279.2283,0.11131735,0.001140644,1768.765062,22.9807269
1,-4.6313496,215.5094,0.080916967,15.374066,191.88933,0.15004359,0.000766405,1537.669827,23.58329927
1,-5.4167933,226.35426,0.093095798,26.892729,265.5618,0.105004385,0.001557883,1626.817021,23.31986936
1,-4.7181377,220.19821,0.086575726,22.940554,233.64134,0.10005717,0.000843299,1616.122943,23.01391722
1,-6.2737637,222.42145,0.079888411,20.346888,216.28693,0.09862773,0.00063202,1506.085171,23.38935625
1,-6.3996434,200.86328,0.072496687,18.508379,214.32257,0.099590525,0.000986487,1501.235481,23.6722547
1,-6.138406,205.91019,0.074144013,16.09633,196.25058,0.12950823,0.001093847,1522.237343,24.10391047
1,-7.636261,205.77277,0.078409831,8.566358,126.138214,0.10849915,0.00088707,1490.318763,23.82843102
1,-7.700413,191.60355,0.070306075,13.968652,186.36115,0.100494534,0.000785304,1549.768957,23.82650273
1,-7.148313,185.40005,0.060803536,7.4206314,124.846466,0.15626162,0.000768942,1477.387075,23.8924283
1,-7.27081,200.46765,0.082164418,13.867245,181.57748,0.122247435,0.001109463,1655.217567,24.43717784
1,-7.562895,194.00676,0.086713209,18.513834,225.66829,0.09858108,0.001177234,1761.706847,24.0770914
1,-7.0764527,184.56729,0.087065972,9.862256,159.21179,0.17465608,0.001095621,1718.725783,24.65219395
1,-5.3677273,215.87875,0.094118604,17.734161,218.70201,0.20365208,0.001397562,1813.962431,23.85030543
1,-8.961162,214.69,0.078997988,13.260588,169.13295,0.099398695,0.001087122,1783.956902,24.1217695
1,-8.6535425,208.2143,0.079247137,17.080847,199.88121,0.13278542,0.00075111,1657.503695,24.24942521
1,-8.25918,209.63828,0.066052941,12.54364,170.50099,0.11065039,0.000796141,1447.025917,24.34014592
1,-9.05431,180.66396,0.069923771,9.014638,143.4939,0.105719686,0.001151571,1538.892129,25.04299776
1,-7.203716,205.97995,0.071155287,24.060663,238.71649,0.09433837,0.000713017,1684.540684,23.21877176
1,-4.8309684,226.51157,0.08825208,17.957771,193.3573,0.11357799,0.000661638,1633.941773,23.57898853
1,-7.580542,225.1228,0.078448073,17.42814,212.31375,0.083822325,0.000756492,1563.974515,23.70801704
1,-5.0355363,177.43207,0.0828125,12.332631,178.03339,0.18438627,0.00083092,1779.990607,24.42606102
1,-6.017201,214.8126,0.09834532,19.13481,230.0113,0.12977529,0.00127975,1861.009702,23.8943502
1,-5.0794888,216.0413,0.082402678,10.183517,137.77478,0.14887023,0.000662022,1724.993674,24.136893
1,-5.3428645,212.16777,0.074786932,17.449001,200.59921,0.13411276,0.000510263,1610.948063,24.3638346
1,-4.8077908,205.63782,0.074122763,18.170927,207.00328,0.106697865,0.000928004,1567.884821,23.63916802
1,-6.5835695,188.91025,0.060984818,10.188748,152.33037,0.12104908,0.000591518,1475.081155,24.82559023
1,-1.9042859,210.75658,0.068954077,26.53909,251.66054,0.109145105,0.000290899,1463.662192,22.12675141
1,-5.6193185,208.72183,0.057027181,18.02081,206.65338,0.10735794,0.000729182,1465.997507,22.6047911
1,-2.426396,232.01181,0.062713966,15.280987,193.2394,0.092005774,0.000493898,1513.162572,22.46843333
1,-1.1998168,214.14728,0.079908468,21.76951,234.10359,0.16041227,0.000590097,1522.50482,23.86643484
1,-5.724702,227.03656,0.063304632,20.257227,219.20724,0.06991344,0.000738207,1426.787811,22.3296731
1,-7.5246406,232.06168,0.073045417,20.306046,222.41054,0.06371277,0.000658701,1573.656467,22.62200672
1,-3.68081,225.58797,0.057811162,11.295276,143.98195,0.10041944,0.000429278,1237.783003,22.41345632
1,-2.6044989,247.69522,0.061791314,15.087667,189.93729,0.12292077,0.000562461,1336.216418,22.68504093
1,-2.7413757,216.20163,0.080607096,19.17914,224.0775,0.15077142,0.000802468,1485.3631,23.12899578
1,-6.6401653,227.20395,0.083583734,17.322035,197.97221,0.07466491,0.00082306,1721.412589,23.88677315
1,-5.797023,239.3988,0.07030311,17.532175,198.4962,0.08011217,0.000469148,1441.73677,23.52245233
1,-3.4126358,214.4723,0.058668155,19.869444,216.02257,0.13663393,0.000661692,1468.095509,23.49027693
1,-4.115937,223.0635,0.056890073,9.49003,148.0666,0.12370941,0.000572615,1340.869157,23.20237776
1,-7.2678423,218.95992,0.087220052,39.750954,305.1288,0.07846072,0.000936852,1680.365207,23.55102255
1,-6.2667875,201.35907,0.074303385,18.419369,203.32831,0.12483312,0.001077407,1758.150634,24.32239623
1,-7.338141,210.29584,0.087133435,27.279024,253.95915,0.08313725,0.001116558,1691.793278,24.05059928
1,-9.387164,198.00832,0.083969234,24.965975,239.3135,0.08924935,0.001226853,1777.487871,25.37401588
1,-5.940764,198.38162,0.07931611,17.792135,201.18172,0.15903762,0.000882338,1708.099774,23.43489011
1,-6.2013025,189.82883,0.079388787,16.494513,192.57849,0.13747631,0.00111859,1755.793517,24.13393847
1,-8.659873,216.09827,0.078386832,13.465353,185.95796,0.08093091,0.000720813,1606.782435,24.40333286
1,-3.520693,171.0618,0.089249576,8.643181,152.61014,0.16267146,0.000875775,1717.210351,24.72470378
1,-3.8234801,219.64468,0.10625465,13.496462,197.34158,0.17111109,0.000797347,1870.24632,24.60318912
1,-4.1192937,198.49834,0.06398112,4.301694,79.692375,0.1607987,0.000552493,1630.496624,25.12117679
1,-5.0647054,190.28583,0.068004261,8.077954,122.766716,0.18169713,0.000474514,1478.700085,24.85982616
1,-7.3135724,177.96753,0.068430933,9.296939,142.05618,0.14156964,0.000579038,1555.660364,25.14080157
1,-6.400789,176.83586,0.064898323,8.719474,141.22305,0.15461454,0.000630629,1502.942226,25.52585964
1,-6.454149,218.11774,0.074930246,14.899213,176.98137,0.09991387,0.000692851,1581.176766,22.7448089
1,-6.223184,200.34796,0.063791583,10.242522,141.99016,0.11296219,0.000823512,1526.993538,23.76811355
1,-5.0010104,221.19115,0.072576349,9.960439,156.73212,0.117910765,0.00085836,1577.782676,23.39620721
1,-5.2887673,206.22638,0.078774253,6.837194,132.2772,0.13832666,0.000866331,1638.98245,23.39214293
1,-4.304771,220.336,0.083729237,10.720687,169.2027,0.16888207,0.000813418,1570.615235,23.76895587
1,-5.918216,207.84967,0.0591875,4.1062756,67.76491,0.120222,0.000707507,1469.343577,24.43847088
1,-5.475674,185.29471,0.055230644,7.934108,136.64468,0.1437855,0.000575926,1473.173958,24.21789595
1,-3.0506582,227.26242,0.090737786,33.2307,287.77795,0.10011023,0.000776312,1770.421078,22.1591798
1,-5.106183,214.70282,0.091357422,23.542633,239.39336,0.066625856,0.000779162,1916.673758,22.24966568
1,-4.000325,208.99017,0.088596653,29.883148,262.5059,0.07903335,0.000848051,1765.006442,22.47554751
1,-5.4821725,211.63347,0.093004919,27.686539,268.371,0.06933765,0.000778209,1868.225912,23.22018879
1,-1.9709508,213.06123,0.087229659,15.302334,192.93716,0.14250872,0.0007497,1798.350747,23.46332041
1,-4.9641085,181.1497,0.110873353,29.20199,285.04333,0.1032208,0.001168998,2016.308303,23.6839633
1,-4.0567756,217.39,0.073698186,16.75979,198.68388,0.08180922,0.000636479,1763.609169,22.73940876
1,-2.3529456,217.82043,0.078153306,16.828434,196.08922,0.1055077,0.000471441,1671.020053,22.89168929
1,-2.0071359,204.66641,0.067636166,16.965273,196.9489,0.084711336,0.000731197,1530.221109,22.35284802
1,-0.3332569,199.82341,0.054280599,12.691434,174.11058,0.13134469,0.000440093,1474.907693,23.48873024
1,-2.0343525,206.39099,0.050750411,15.970828,198.1135,0.11549927,0.000486735,1498.276718,23.23478781
1,-8.845131,185.63731,0.119127942,32.282974,286.6444,0.10713897,0.001258882,2118.112456,24.08288351
1,-11.211699,167.68411,0.093621148,23.333399,231.73062,0.10632706,0.001712315,1990.330143,24.43557255
1,-9.237102,172.75975,0.103231309,16.205618,189.31908,0.11972651,0.001383028,2021.408919,25.12934538
1,-7.509592,154.79617,0.124494881,23.224096,248.44843,0.20921801,0.001255454,2249.332307,25.44862178
1,-9.126382,185.63754,0.098981585,18.766493,209.296,0.12761553,0.000919461,1962.148152,24.80739047
0,-12.965833,164.28989,0.120870708,51.584866,357.22522,0.101291046,0.002680218,2138.843511,24.02726075
0,-12.606698,164.79117,0.130126953,47.64708,350.96243,0.08376832,0.001833684,2418.244833,24.51095819
0,-16.577456,147.41881,0.122671274,41.785652,318.1732,0.07729262,0.002592525,2140.453258,24.17287606
0,-16.272282,155.46268,0.133037439,37.439323,302.12875,0.0953722,0.002435588,2249.361427,24.92646316
0,-12.247066,174.05792,0.132769898,47.989548,348.5518,0.07430924,0.00232604,2287.604637,24.30790964
0,-15.363449,168.51402,0.133876801,42.59034,324.2546,0.09607673,0.002688976,2175.874961,24.35907468
0,-15.369409,152.19943,0.146272786,45.8927,349.38098,0.095359996,0.003035721,2356.86329,25.34312351
0,-11.471551,197.83325,0.125415559,45.66413,349.04535,0.085153766,0.001711796,2188.950489,24.73833829
0,-11.350073,173.50986,0.126607099,33.94397,299.00504,0.08044221,0.001302277,2190.800235,24.93682617
0,-12.044313,186.37761,0.102960117,31.84047,275.3269,0.09508597,0.00176833,1981.626796,24.40394589
0,-16.155207,182.01602,0.111451666,38.56242,308.86603,0.071303666,0.001831924,2051.836531,24.87974843
0,-12.378128,160.69397,0.102691406,46.62689,349.4225,0.07108568,0.001511262,1999.90204,24.84516501
0,-16.470839,165.47102,0.107115401,30.433666,274.9883,0.0733965,0.001903573,2052.791918,25.03452267
0,-16.602566,154.47568,0.121554393,34.21592,293.46155,0.09044648,0.002237786,2175.090231,25.76796528
0,-18.596199,147.88997,0.116524833,38.788105,321.62,0.05983681,0.00295394,2330.682876,25.03710481
0,-13.886213,127.09349,0.146792059,54.276333,369.51187,0.11862869,0.003639987,2433.466213,24.78986935
0,-17.916473,147.52678,0.10281033,43.68646,332.3477,0.05428316,0.002346239,2090.156264,24.20420598
0,-15.496609,147.63945,0.107346755,46.624195,332.36136,0.09852059,0.002916708,2129.432602,24.53530891
0,-13.407332,162.02432,0.135000154,38.66431,317.05225,0.114964336,0.002623954,2331.413577,25.12560191
0,-16.26253,133.28085,0.12286377,32.47871,291.15176,0.07429728,0.002715561,2218.14607,25.31502118
0,-13.965273,137.28456,0.125126339,39.433834,325.54932,0.08495869,0.001834063,2210.047168,24.42536114
0,-13.508334,165.32703,0.110446069,36.12282,291.87347,0.08179707,0.001574397,2176.324086,24.22569516
0,-16.932804,170.80737,0.101570823,34.757618,287.71927,0.041851263,0.001381027,1917.712867,24.32013499
0,-13.266797,155.52164,0.101929602,29.28113,274.49036,0.09372942,0.001938347,1965.549678,24.81975335
0,-14.343699,170.56903,0.111935916,39.58164,321.0168,0.075460024,0.002001696,2026.201702,24.21603345
0,-14.900598,154.0976,0.083151425,24.204641,250.81412,0.07650379,0.001455384,1994.395759,25.46908156
0,-18.58833,179.1781,0.117880332,55.635338,373.14792,0.062490217,0.00361968,2163.039153,23.81579329
0,-18.50036,179.94254,0.10599094,38.981174,310.56168,0.0514209,0.001901911,2022.391481,24.52758838
0,-17.84999,134.11816,0.110461426,46.707172,337.26498,0.049230587,0.001577826,2023.644339,24.16545321
0,-15.272056,172.47859,0.134529788,50.600407,362.02017,0.07649546,0.002881974,2281.329901,24.86248422
0,-17.895262,166.40901,0.143108865,47.613556,352.5366,0.061152775,0.003558282,2362.082462,25.36735904
0,-17.071743,127.2148,0.149635492,52.812634,381.9601,0.09070313,0.003341545,2392.277883,25.54944544
0,-16.43343,149.60297,0.097246094,23.98031,246.96466,0.09353577,0.001383245,1929.889874,26.06862222
0,-16.18854,147.3378,0.126664357,31.351873,288.46512,0.09377257,0.001847979,2188.792616,25.46587785
0,-9.159986,196.4801,0.110719842,37.702374,294.63058,0.1156971,0.000788193,2024.770026,24.67186045
0,-15.299277,171.34254,0.110087977,35.44262,286.12085,0.06346958,0.001291101,1995.06379,25.43579612
0,-18.765156,154.11655,0.111801147,33.787094,288.91727,0.08910218,0.001705995,2129.950722,26.27441528
0,-15.564055,150.62805,0.099497027,32.116425,285.377,0.10593371,0.001402978,2057.420781,25.68708134
0,-14.556072,153.09064,0.101806641,33.59333,302.63818,0.0945475,0.00142503,2048.921168,25.8221594
0,-11.090029,187.4275,0.155221493,67.76676,405.33127,0.07190425,0.003443211,2391.205915,23.71538201
0,-10.031128,183.18134,0.140646463,53.030823,365.60452,0.08345034,0.002120442,2385.854233,23.86645206
0,-6.6340113,184.59448,0.165797288,71.2602,424.54465,0.08785134,0.002801226,2572.007174,23.10235537
0,-11.328009,192.57648,0.136564231,61.615826,388.80722,0.10651644,0.003730181,2236.072432,23.43637185
0,-13.354541,177.33447,0.126398534,50.09002,353.44147,0.039381344,0.002076275,2176.207018,22.90903578
0,-11.615554,172.3587,0.167267923,66.750595,409.41336,0.049873475,0.00458538,2433.775362,23.34719662
0,-13.007915,178.05936,0.137431483,52.27824,359.49527,0.059921376,0.002583244,2259.007589,24.36060193
0,-12.761063,153.12515,0.125916157,52.180122,351.49002,0.07073954,0.002463918,2002.01338,24.6459364
0,-12.789145,161.22552,0.123475438,54.86714,365.70734,0.06000981,0.003202912,2025.834394,23.84523757
0,-15.678567,166.23792,0.123226768,44.87674,340.95145,0.038687572,0.002409009,2171.853299,24.45397643
0,-15.71517,169.83525,0.117581655,48.980522,337.04422,0.067455,0.003090417,1980.575031,23.32240068
0,-16.125994,165.77704,0.122902716,36.352543,291.6918,0.073143065,0.002935013,2049.695652,24.12142386
0,-15.803034,166.32141,0.11334439,30.523407,264.305,0.08928877,0.001836514,1946.626293,24.32202068
0,-11.453012,200.08707,0.107054261,31.374561,275.1862,0.07732535,0.00143643,1930.390051,23.82454715
0,-16.825886,171.37143,0.109264256,34.212753,288.96448,0.0734922,0.001989866,1909.292223,24.77094882
0,-13.340407,179.83781,0.101298348,27.238264,259.78018,0.075352564,0.001461765,1802.23453,24.4931281
0,-11.619373,191.46352,0.101994978,30.582806,255.94902,0.107680745,0.001755196,1858.964298,25.32015993
0,-13.434348,209.1683,0.103055087,29.644175,264.8127,0.041740824,0.001210272,1800.147229,23.8426046
0,-14.453873,174.53906,0.09718533,25.649702,239.07335,0.073726945,0.001626734,1762.703937,24.36177282
0,-13.228612,185.98009,0.097499408,31.692917,275.11832,0.08827761,0.001604213,1799.586748,24.66937259
0,-14.903932,167.3786,0.090261719,20.649422,209.58124,0.06753348,0.00167531,1803.077651,25.16936835
0,-14.896268,179.32367,0.112089269,52.34373,359.47528,0.065984786,0.003623184,2100.171771,24.57631623
0,-12.425108,170.77765,0.103913762,37.05404,309.43015,0.090075515,0.001747847,2070.071532,23.72999944
0,-13.002672,177.08578,0.101554871,40.40835,324.66507,0.113594174,0.001832881,1946.234614,25.37710273
0,-13.407985,182.21146,0.124030618,51.67068,362.9791,0.10731285,0.002841981,2143.663088,24.51900816
0,-14.369873,187.3613,0.131240946,61.283897,402.9141,0.09514242,0.002842072,2242.227923,24.78467426
0,-10.595091,176.6306,0.110366066,34.958485,299.03342,0.13351516,0.001664018,1984.878646,26.48113846
0,-13.473212,187.90738,0.127783707,47.90506,362.69775,0.073093906,0.0024987,2315.787475,24.86324707
0,-13.272139,177.91373,0.097237142,38.820137,311.84702,0.09013686,0.001846776,2028.107996,25.16169067
0,-14.897322,180.33618,0.116553945,47.147858,342.4479,0.08619504,0.002693127,2189.354531,24.86650237
0,-11.640231,186.62733,0.100484035,37.7711,303.72656,0.07199362,0.002137146,2014.302688,23.75764772
0,-13.849014,189.02274,0.103897958,49.810863,358.72238,0.09113954,0.002141753,1948.123914,25.66626482
0,-17.679995,167.84232,0.112455611,46.01875,351.90106,0.07917572,0.002985513,2244.057951,26.88521396
0,-13.602545,136.6486,0.136445887,39.142662,311.12003,0.07275566,0.002312608,2225.266392,23.92028585
0,-15.751683,151.89412,0.110643175,33.406902,272.08487,0.079071954,0.001428876,1915.368037,24.48927995
0,-16.347792,155.53879,0.102164335,23.157305,221.98727,0.10325036,0.00209513,1881.49947,24.73164848
0,-14.282667,167.03514,0.120238281,27.56208,263.79904,0.078760065,0.002492018,1989.401759,24.64218011
0,-15.732773,149.7839,0.140431025,40.758648,318.52393,0.07898287,0.003380551,2200.444352,24.51845582
0,-17.32111,146.41983,0.119967714,27.451767,267.3268,0.075403735,0.002931963,2206.239662,25.19585483
0,-12.054888,165.20691,0.110844878,20.812197,226.60806,0.12915204,0.002004834,1938.294288,25.67450468
0,-14.45247,159.97691,0.090008075,21.207388,200.6463,0.13511874,0.001675681,1822.506799,25.92008527
0,-15.984806,158.41751,0.106789613,27.223177,239.02515,0.08830086,0.001548678,1913.463733,24.70030138
0,-14.713065,151.15102,0.102130596,30.15349,258.10245,0.09486806,0.001697365,1812.278357,25.43595741
0,-12.904731,153.6941,0.075246711,14.168004,163.26434,0.13329,0.000911539,1687.331068,25.96742596
0,-15.177507,139.63539,0.093695279,23.620186,224.47229,0.08038901,0.001250811,1860.437342,25.81387259
0,-15.475479,159.2738,0.126017826,28.523613,255.44963,0.09327759,0.003252049,2223.866975,24.24872167
0,-13.854451,158.61655,0.108656939,36.822224,297.03113,0.08196752,0.003211137,2171.109712,23.58942814
0,-17.108086,141.25122,0.118545708,34.65844,289.41632,0.0761737,0.002794238,2181.22203,24.02887801
0,-16.734684,134.67313,0.120825464,32.102997,284.16837,0.084412016,0.002840049,2320.223659,25.38359568
0,-16.556454,146.53395,0.099492188,25.289879,242.77231,0.106659055,0.002904896,2146.03266,24.13689183
0,-15.971355,145.88425,0.106745449,28.626987,260.0156,0.074986264,0.003285815,2057.5879,24.80863489
0,-14.007443,163.17023,0.137746116,32.648823,293.11258,0.096340664,0.003066824,2339.751785,24.70371129
0,-15.370055,168.2096,0.138213187,29.334757,276.64923,0.0969059,0.003212827,2414.156148,25.62680692
0,-17.255077,130.39127,0.126991529,21.537222,238.88148,0.07989192,0.003751916,2325.85497,24.9207784
0,-13.423996,160.28444,0.136566162,29.551819,277.32294,0.099513024,0.002253592,2269.702212,24.13200175
0,-12.227175,163.63492,0.135573956,43.004055,313.9718,0.07552314,0.001854918,2320.951554,24.04890879
0,-12.690571,161.06033,0.113656092,23.534866,222.91397,0.09194051,0.001997399,2326.44423,25.18756193
0,-15.539584,137.5373,0.110209147,30.814817,273.77136,0.07188268,0.001978752,2175.489317,24.64289686
0,-17.039341,154.876,0.109279259,34.492622,294.7767,0.072843835,0.002335975,2203.157478,26.15278688
0,-15.403986,151.36404,0.127571615,34.516132,294.23334,0.09380564,0.002652305,2295.462988,25.67578467
0,-15.526897,156.22374,0.081980299,19.653149,217.87784,0.07036731,0.001690219,1949.094815,25.94500429
0,-17.347673,160.88333,0.140958762,55.348885,376.95386,0.08123126,0.004676584,2482.845332,24.6209316
0,-17.111954,136.32364,0.116768079,42.779636,323.4704,0.07145331,0.002476433,2214.868829,24.35272531
0,-16.057724,136.68063,0.110796578,34.515156,301.84875,0.06365525,0.001953746,2214.405325,25.12545723
0,-16.523943,159.93164,0.12461635,40.55518,323.40887,0.08760427,0.003727647,2238.825742,25.25932693
0,-16.90702,147.2322,0.111204509,31.81709,280.0556,0.08961447,0.003536224,2139.595118,25.1711701
0,-15.316542,155.51877,0.144174149,44.062527,337.91104,0.07844823,0.002835705,2456.567839,25.05084642
0,-9.438641,162.98863,0.134727076,36.507713,316.36942,0.12748595,0.001657009,2358.495913,25.05822247
0,-11.598252,162.65053,0.120043945,36.725723,299.71716,0.09154476,0.002421141,2262.431245,24.79983066
0,-14.714085,155.77835,0.132332861,44.178528,333.21246,0.088116884,0.00372454,2352.653928,25.12744447
0,-14.098182,154.06586,0.125451239,36.46187,305.4923,0.08115461,0.002744759,2281.752402,25.36069418
0,-12.961759,162.8041,0.126912124,34.348194,292.26828,0.101410046,0.002268875,2289.184993,25.06633918
0,-14.342772,157.14224,0.134990659,50.574978,358.0212,0.060323328,0.00227865,2312.738772,24.35909917
0,-16.350925,149.61063,0.123967756,36.082962,300.68497,0.0851388,0.002177372,2310.696621,26.31271574
0,-17.483837,136.24771,0.178083882,62.383476,408.29907,0.08035436,0.005704312,2658.351592,25.24205222
0,-22.517248,104.254196,0.156173904,52.54173,378.76257,0.05120024,0.005372607,2662.00501,26.89710255
0,-20.351624,114.39671,0.150123233,47.99844,353.4611,0.06657709,0.004341765,2442.511909,26.20934478
0,-19.828156,123.94401,0.176573057,54.60841,380.66412,0.04220638,0.005317932,2752.617744,25.89681051
0,-16.086788,133.96686,0.152590905,53.24115,377.58734,0.09026826,0.004652004,2518.241429,25.74451505
0,-18.088564,124.83529,0.186791397,74.04134,446.1657,0.062564805,0.005915823,2799.885503,25.40562641
0,-20.841402,119.66902,0.177497345,38.53809,326.41663,0.05059909,0.006064536,2707.156543,26.77759302
0,-15.235301,144.27238,0.156906803,47.998547,363.7272,0.087482125,0.002820499,2644.087185,26.05187961
0,-19.977203,130.58511,0.18717731,59.620888,408.6373,0.0755892,0.004228087,2850.613479,26.49095659
0,-19.920046,120.084305,0.162788723,51.403244,362.60806,0.054672003,0.004641478,2638.856384,26.6255853
0,-20.115088,127.87534,0.159940832,42.258373,334.1746,0.06269334,0.00507887,2614.584674,27.34598919
0,-19.465328,127.404755,0.196018819,69.76119,441.30276,0.054000963,0.004928547,2765.680922,26.04839756
0,-21.549995,122.55795,0.148953951,51.72123,373.88516,0.040843423,0.003499347,2528.678991,26.19437007
0,-15.391496,131.39928,0.165863317,57.17062,392.7321,0.07934205,0.002790293,2662.47887,25.92505367
0,-6.357371,204.86061,0.360839844,21.11515,223.44061,0.09043936,0.000711171,1464.785289,23.46381235
0,-3.071487,222.26135,0.470703125,16.85353,209.23279,0.13186191,0.00102892,1648.543341,23.4995442
0,-5.4487195,222.7857,0.45703125,26.046486,257.95715,0.09652166,0.000966616,1652.464175,22.95477334
0,-4.9045634,217.2085,0.418457031,17.658176,195.473,0.082690775,0.00086246,1528.728073,22.79627275
0,-5.83924,232.0015,0.312988281,12.035815,158.14351,0.09835787,0.000812914,1298.513861,23.73837054
0,-11.293458,188.59668,0.393554688,12.673538,178.02979,0.09537937,0.000537814,1507.483013,24.64895795
0,-9.020049,195.99606,0.4375,18.05027,204.7551,0.14306442,0.000976336,1589.598151,25.64419175
0,-8.749827,171.91199,0.299804688,7.631535,111.416626,0.16921498,0.000673927,1566.083038,26.38774204
0,-9.44452,200.43396,0.474121094,20.899624,234.58505,0.10186287,0.001539623,1792.111314,25.01755693
0,-6.2909846,183.49448,0.439453125,11.847818,171.55849,0.18589593,0.000833431,1525.667029,24.74584322
0,-6.3834443,191.08374,0.518554688,28.999693,285.735,0.15663584,0.001134713,1911.639386,25.45086475
0,-9.6493435,197.18408,0.393554688,14.812647,180.95258,0.08222469,0.000546813,1403.531933,25.29145556
0,-7.270852,193.91602,0.352539063,12.316629,163.8859,0.15400742,0.000453013,1406.562273,25.7760595
0,-6.718442,199.29964,0.372070313,12.495822,172.97366,0.14461426,0.000715799,1409.12384,25.09576459
0,-7.653022,179.43852,0.557617188,7.5194755,128.23053,0.14098151,0.000857059,1479.029911,25.98899005
0,-7.597116,202.4559,0.3515625,15.117653,185.37459,0.11514884,0.000755378,1533.067043,24.49607382
0,-6.1854987,206.33066,0.384765625,9.927254,144.38548,0.12403072,0.000453449,1423.496719,24.74502511
0,-5.6497855,216.20357,0.356445313,22.918581,244.3166,0.09289662,0.001090229,1737.551093,23.83136897
0,-6.7077107,198.73071,0.436035156,16.782194,202.36484,0.114894055,0.000514399,1618.22681,24.65679282
0,-2.6953342,240.5021,0.157714844,14.295627,175.96324,0.14976579,0.000386452,1326.593507,23.8272701
0,-4.253406,217.31976,0.397949219,27.037773,266.2098,0.1118316,0.000860807,1539.685628,24.118336
0,-2.6389892,215.93047,0.419433594,18.486355,218.07709,0.13850373,0.000622918,1497.607564,23.69407034
0,-2.9410753,211.285,0.346191406,23.352919,248.59018,0.122799695,0.000640157,1406.786063,23.78799794
0,-1.7458957,231.76086,0.299804688,11.503276,160.66219,0.16191122,0.000542202,1306.993902,24.32471688
0,-3.8751862,209.6463,0.220703125,19.708502,208.6161,0.13432015,0.000488422,1369.959294,24.84820935
0,-3.115248,206.20169,0.428222656,13.802011,178.28513,0.14942548,0.00048238,1301.199622,24.55203978
0,-1.5123299,222.75412,0.339355469,6.3614516,106.916626,0.14079808,0.000665007,1236.265085,23.65145966
0,-4.234441,212.58527,0.302734375,18.918661,208.16998,0.13081516,0.000357502,1587.241979,22.48906196
0,-3.57658,213.34927,0.28125,11.792319,164.39577,0.1504547,0.00038228,1381.652141,23.98493502
0,-3.1854706,222.9528,0.389648438,23.944534,244.39185,0.1163632,0.000503431,1565.084784,22.94618395
0,-5.7458215,194.5733,0.407714844,10.82563,166.07332,0.122571714,0.000650494,1734.181145,24.38156359
0,-3.101757,216.80867,0.466796875,24.01755,255.50064,0.15478334,0.000947872,1847.135019,23.23676244
0,-5.0854955,224.70523,0.478027344,18.934748,217.64926,0.088060714,0.000392128,1456.821276,23.50472359
0,-3.828099,213.26176,0.350097656,14.740232,186.53496,0.118946336,0.000415283,1346.145742,23.10764047
0,-3.2892992,226.07463,0.5234375,4.104831,93.26586,0.12835829,0.000397815,1341.168502,22.84894224
0,-5.3401623,222.2799,0.29296875,26.832132,242.44534,0.11594057,0.000621123,1397.44055,22.2638838
0,-8.228843,196.84406,0.365722656,21.605623,229.97092,0.08845654,0.001090755,1622.666857,25.36431037
0,-5.978235,217.75488,0.405761719,18.351942,214.68945,0.15797283,0.001088777,1637.274095,25.29821891
0,-7.558861,199.20337,0.323242188,17.60131,192.7799,0.12177248,0.000939594,1590.089163,25.59847006
0,-7.3514223,209.29904,0.426757813,12.633807,169.94205,0.10862222,0.000922603,1475.284165,25.38935434
0,-4.4848466,198.63837,0.446777344,30.869871,276.27997,0.14984483,0.000703426,1919.340227,23.21243076
0,-4.5351267,189.9065,0.514160156,11.283706,148.94742,0.16047026,0.000826934,1664.75936,24.21589919
0,-6.2583027,190.94238,0.452636719,16.551685,189.9806,0.11407314,0.000780018,1916.311541,24.35889445
0,-5.878808,175.22562,0.361816406,13.816602,192.70128,0.12529872,0.000750486,1776.276519,24.7952751
0,-6.0284758,146.08328,0.494140625,7.768889,144.91231,0.18977547,0.00100596,1957.429792,24.92574211
0,-7.858187,187.95914,0.521484375,16.737839,214.773,0.121261604,0.000910847,1836.626379,25.51829395
0,-5.564252,195.99518,0.435546875,4.681833,91.55104,0.12994875,0.000636991,1510.203616,25.23613496
0,-3.492562,188.55188,0.371582031,3.71395,80.97423,0.14126275,0.000390028,1377.278111,25.11569268
0,-5.3248396,172.09772,0.491210938,4.7702913,102.746376,0.1371183,0.000507174,1444.700773,25.454667
0,-4.9921637,169.52708,0.278320313,2.1540198,55.337246,0.17117867,0.000430926,1253.863019,25.96762799
0,-6.945941,199.1238,0.372070313,12.345916,152.02022,0.09637575,0.000836322,1527.977664,23.63115593
0,-9.2880125,188.53497,0.458007813,9.767234,129.25629,0.07996049,0.001223668,1538.577483,23.98789151
0,-8.190896,211.62334,0.40625,11.326169,159.32161,0.07138672,0.001273208,1549.278404,24.07350028
0,-7.48312,197.67804,0.517089844,8.7934885,147.55019,0.14375246,0.00067496,1555.452306,23.83973319
0,-6.2659397,200.06482,0.453125,7.403919,141.44997,0.1649854,0.000616389,1647.680502,24.44988884
0,-9.091194,196.45436,0.341308594,8.471877,126.92048,0.08306163,0.000400249,1437.987362,23.99714505
0,-8.968901,170.39873,0.353027344,4.438144,77.62284,0.10520252,0.000711997,1383.36169,25.10265438
0,-11.286406,180.63068,0.445800781,3.94525,68.86961,0.092008695,0.001259176,1538.407415,26.25405959
0,0.002940638,206.72842,0.384765625,25.033155,249.13927,0.14627987,0.000468086,1655.551592,23.04523344
0,0.13191636,194.35657,0.405273438,16.650272,203.68494,0.14085841,0.000381456,1580.154445,23.4053885
0,-4.2907033,214.32062,0.420410156,24.223787,254.20058,0.07174681,0.000650378,1693.49769,23.19567361
0,-2.0771868,180.99947,0.427246094,12.338039,177.74886,0.13002342,0.000652399,1888.535213,24.24050576
0,0.93642735,204.08835,0.41015625,25.80457,268.1523,0.1740479,0.000494293,1802.496515,23.44182496
0,0.11137803,190.45044,0.372070313,15.559442,200.45699,0.13826433,0.000293914,1685.515073,23.17791091
0,-1.4048805,216.54343,0.348632813,13.141456,170.78178,0.11781146,0.000332787,1482.770633,23.23900263
0,-3.6155558,198.71115,0.329589844,15.751353,198.38184,0.084849074,0.000494331,1560.413129,23.15303639
0,-1.2139558,208.52698,0.491699219,9.253391,147.44946,0.14018051,0.00046715,1504.471685,23.59591608
0,-13.631528,142.01154,0.40625,34.222187,305.41275,0.071318224,0.001685982,2251.779099,25.26176235
0,-11.384677,141.57384,0.4453125,38.362537,315.81708,0.10075276,0.001917173,2326.573078,24.76581528
0,-10.636838,181.25293,0.401367188,21.390226,230.71342,0.09553141,0.000980044,1835.607636,24.8914973
0,-9.292812,177.5917,0.465332031,23.713106,247.81483,0.088372216,0.001135118,2010.902234,25.36957326
0,-12.365676,187.21841,0.395996094,26.76274,264.5694,0.06429914,0.001477022,2018.185649,24.53659326
0,-7.104414,150.87973,0.385253906,27.147303,273.41586,0.22447817,0.001016024,2127.075759,25.06897132
0,-9.726822,157.06177,0.468261719,27.36858,273.35153,0.09627239,0.001032335,2262.960034,25.07569019
0,-8.230662,152.22543,0.441894531,22.558754,252.26976,0.13247369,0.001162704,2088.411784,24.70630529
0,-8.0168495,139.26317,0.466308594,23.815638,252.92276,0.13638732,0.001103166,2194.9248,25.38105821
0,-10.462905,164.53195,0.36328125,24.225609,242.93987,0.114738844,0.001207089,1862.153195,26.44077729
0,-10.831782,175.47284,0.382324219,21.450035,236.00357,0.12755077,0.00078304,1956.597517,25.64560491
0,-9.932962,152.14847,0.463867188,29.812397,284.0623,0.14615579,0.000929873,1968.25925,25.57205941
0,-10.506058,145.52109,0.489746094,37.15993,313.34723,0.090915255,0.001100935,2079.269983,24.68307153
0,-10.314893,143.46793,0.528808594,20.09653,230.8719,0.09849568,0.001218315,2013.219265,25.83273964
0,-7.6892486,207.59889,0.091655344,22.652405,231.27695,0.12944135,0.000941815,1755.085527,25.38347844
0,-11.8756485,178.04071,0.084062154,23.939617,231.05133,0.08167288,0.00258602,1856.080376,23.71105675
0,-13.118253,222.20369,0.122735305,44.46996,332.41516,0.077366024,0.001591155,2155.743829,23.8079479
0,-16.062624,193.00276,0.080411044,19.9456,203.705,0.09503308,0.001433763,1848.011955,25.0045468
0,-10.774445,208.63083,0.106230732,34.898937,298.18402,0.09215765,0.001679578,1995.318216,23.21919699
0,-10.45941,198.82257,0.107165948,28.158003,261.8604,0.09522144,0.001646813,2022.360541,23.70952323
0,-13.221335,171.1257,0.140251965,38.147873,313.8295,0.07450495,0.004129771,2474.095701,24.20282943
0,-13.730746,195.44318,0.094311858,20.04049,205.56607,0.08251634,0.001178158,1916.355134,24.33963286
0,-11.559978,184.36942,0.085154464,16.051445,195.33076,0.09673839,0.000975888,1871.645424,23.68342732
0,-6.893468,166.89351,0.135021617,36.389114,314.35974,0.098298065,0.002313679,2280.332898,24.69267816
0,-6.9310913,193.38922,0.089226045,21.78596,229.44017,0.13740076,0.001558151,1867.050938,23.81239414
0,-8.257854,193.7493,0.088970762,19.702175,233.68948,0.08445866,0.000909437,1918.205939,23.08441553
0,-7.1243925,206.13889,0.075219383,15.820885,191.13869,0.06861674,0.001676605,1669.366006,22.51875828
0,-8.9232435,187.63516,0.091827393,22.10647,226.94704,0.07414768,0.001675034,1928.702393,22.95880947
0,-6.976649,177.23233,0.108540595,32.992996,277.62982,0.10811582,0.001930177,1992.396226,23.62760817
0,-4.420502,176.96751,0.105372061,26.311302,247.94958,0.13223965,0.00186728,2082.557435,23.23285889
0,-5.6843204,168.2052,0.103142851,26.0808,238.02591,0.09754645,0.001359291,1907.642065,24.03670682
0,-4.0487323,192.81383,0.103083995,23.700066,242.17874,0.12511656,0.00163681,1977.830111,23.58918382
0,-4.55859,203.83723,0.123465922,21.416769,236.86238,0.18384784,0.001626325,2216.30805,24.05691195
0,-7.5067058,197.24484,0.070560397,14.7901125,179.44028,0.10250599,0.000648365,1601.549702,24.21154607
0,-5.1610537,183.0984,0.082001785,13.373285,168.38881,0.174056,0.001002284,1656.675919,24.95975225
0,-9.409104,185.31163,0.076580761,16.43853,190.23807,0.1058797,0.000932538,1714.869673,24.9010981
0,-8.425185,176.28214,0.103537167,30.678873,267.1608,0.09899537,0.001718675,2046.061046,23.99397371
0,-10.23672,169.27515,0.096055039,23.65792,224.79126,0.07121367,0.001488216,2020.266477,24.17978032
0,-12.692734,160.74222,0.115048363,24.161287,235.30458,0.060164716,0.002214625,2290.855749,23.91317555
0,-8.092695,188.1199,0.099901033,10.188572,156.49721,0.13039808,0.001765854,1944.591457,25.07758027
0,-7.3722477,177.22522,0.10303766,17.014704,204.24318,0.098032326,0.00170447,1946.273178,23.73132548
0,-10.449584,176.65872,0.107872079,24.835884,234.0653,0.10133564,0.001344854,1993.74583,24.59852017
0,-9.781424,178.25089,0.092381212,16.845556,201.8729,0.0719898,0.001649948,1874.863495,23.54980716
0,-7.397225,186.5735,0.073131633,11.992082,163.72754,0.111999705,0.00151487,1693.276193,24.09863884
0,-6.302564,195.37845,0.12619407,47.34604,343.9544,0.08994494,0.001694923,2262.404282,23.71271604
0,-4.514115,192.5343,0.105938606,24.202055,243.79149,0.10791124,0.001176058,2174.292249,23.69293308
0,-6.878501,183.79576,0.118711959,29.636353,279.22568,0.10273521,0.001885607,2139.351234,24.00283301
0,-5.0713425,184.55608,0.127554087,17.384298,212.52226,0.109898955,0.001511518,2169.536211,24.17173134
0,-5.22931,174.66182,0.157756805,38.77856,325.99515,0.14098582,0.002206715,2619.491329,24.31548842
0,-11.8987055,181.39789,0.125069754,43.65719,318.9065,0.122692965,0.002605743,2099.694711,24.20097242
0,-15.012956,173.64789,0.129713644,44.01775,330.33887,0.08511316,0.001704216,2280.790999,24.63217514
0,-11.141108,185.46028,0.115370009,35.221474,285.12515,0.11361889,0.001412225,2084.473922,24.20170324
0,-11.606294,179.33458,0.101303499,27.275837,244.37729,0.09973505,0.001198253,1859.975223,25.24867637
0,-16.316303,185.97366,0.129769498,35.926758,300.2779,0.06425372,0.002130992,2232.218779,24.58834053
0,-12.274125,161.93738,0.108961839,21.442486,236.33398,0.13356245,0.001227786,2035.667213,26.1684712
0,-11.571395,173.03479,0.131383947,24.48816,255.07358,0.12017559,0.002438163,2297.80126,25.16349017
0,-10.4431305,179.23523,0.102220735,25.174097,243.18132,0.14079693,0.001275336,2039.906975,25.5420562
0,-12.850024,178.6442,0.113583338,30.499569,270.71777,0.08959298,0.00124472,2056.645018,24.94344601
0,-15.1895895,163.96448,0.109147735,25.904215,254.07039,0.07285686,0.001747894,2011.461208,25.23167856
0,-13.34118,177.95499,0.089615417,21.407967,230.51692,0.100563325,0.001505917,2001.152086,25.84159384
0,-12.171091,151.02838,0.134600361,33.786064,282.8044,0.09773632,0.001761167,2306.418411,24.05851184
0,-11.452587,173.29211,0.124669584,38.621845,314.69235,0.09791347,0.001432426,2203.591539,24.17473494
0,-6.576494,182.94482,0.111188616,33.749237,284.06454,0.11687247,0.001218414,2144.607423,23.79238623
0,-15.153445,164.64265,0.113913614,27.873106,266.065,0.06945829,0.001630457,2194.087208,24.28537157
0,-12.187007,194.90668,0.096099854,23.337677,237.86667,0.121045455,0.001578356,1876.201676,24.44104554
0,-11.927734,153.01205,0.097075974,28.414938,268.65036,0.11004086,0.000982721,1999.051941,23.82109662
0,-11.04043,151.90335,0.115281196,35.666264,305.70718,0.059870105,0.00124045,2288.859455,23.17296156
0,-9.152014,182.48978,0.121140053,34.602882,305.0809,0.104669504,0.002900124,2300.691594,24.05733431
0,-10.070931,158.81479,0.088240914,30.937511,275.42804,0.09823572,0.001241284,1843.988011,23.44178005
0,-9.893266,171.54391,0.088769531,21.590025,230.78171,0.10557168,0.000979883,1986.822609,23.97843849
0,-11.395915,147.62541,0.071912977,10.562321,163.29488,0.18234776,0.000973512,1744.216229,25.2208097
0,-5.7467895,165.18536,0.11663902,49.283333,354.49606,0.08237346,0.000795378,2064.344128,22.70800871
0,-6.7343206,208.10916,0.1359375,43.14204,338.798,0.1140455,0.001823711,2334.387908,22.92659065
0,-9.303222,197.61325,0.120532011,35.030167,308.52448,0.11411555,0.001394649,2126.097868,24.49782769
0,-6.3449154,124.3398,0.168492414,32.860092,305.0752,0.13340008,0.00193449,2736.184034,24.52517179
0,-5.296415,181.23456,0.137367467,26.456799,267.23972,0.10543863,0.001747254,2338.509026,23.72180015
0,-7.0088315,181.77136,0.140386285,47.59911,351.6605,0.12754202,0.001295227,2264.963327,24.16291378
0,-3.6138706,170.25674,0.103045597,21.83052,234.46263,0.14512867,0.001027041,2146.040245,24.01749225
0,-1.2920904,174.62764,0.09112123,30.444715,278.34232,0.11765023,0.000799488,1931.196083,23.58593687
0,-4.600226,218.08714,0.109640682,34.763004,294.5914,0.11722875,0.001057415,1939.339088,22.50982164
0,-4.651661,208.9487,0.099729567,28.941174,274.91486,0.11157588,0.001047536,1946.805248,22.35993771
0,-10.866701,200.64198,0.089654268,16.523851,182.64983,0.08575439,0.00133757,1698.241587,23.90783136
0,-7.5669103,201.28546,0.101895771,29.832699,279.4845,0.10021001,0.000843437,1938.338568,23.89502721
0,-12.15334,173.9499,0.118830983,19.63169,225.18503,0.11231872,0.001660817,2034.210948,24.79281543
0,-6.7703123,200.80777,0.107310902,33.084286,299.87933,0.108606,0.001103142,1941.535658,23.9878488
0,-5.4736257,196.11205,0.093917282,18.936722,206.35912,0.11011372,0.000970528,1919.400271,23.58814202
0,-8.632033,205.91978,0.077840169,18.549257,209.97821,0.08728822,0.000929629,1725.000221,23.17172847
0,-5.0440016,204.444,0.083767873,12.41007,175.45909,0.11706126,0.000874781,1824.401558,23.16068579
0,-6.6159096,194.58527,0.076221857,11.3740635,170.29626,0.111880265,0.000793024,1895.42676,23.46073716
0,-4.800121,176.45198,0.102308741,32.8312,283.12173,0.12827307,0.001143168,2023.202509,22.84030656
0,-6.630127,185.06906,0.104823521,37.875336,309.30322,0.082632676,0.001357818,2047.302251,23.0197093
0,-6.474415,201.50491,0.105262756,28.46615,259.41895,0.08787735,0.001669831,1977.051287,23.46995776
0,-3.179095,206.12094,0.080078125,23.528439,239.094,0.10226071,0.000896934,1926.569206,22.69055574
0,-6.6713376,214.29526,0.059086595,14.786799,178.72336,0.06786522,0.000802426,1513.667196,22.65793924
0,-8.627822,190.53235,0.090104537,22.41536,232.98053,0.096737504,0.001514431,1897.270132,24.25287219
0,-9.555779,194.15509,0.105519014,32.827038,284.42023,0.07592517,0.001668713,2098.592383,23.1810086
0,-4.6071334,169.069,0.097640991,18.294579,205.93484,0.09660858,0.001037489,2016.379143,23.02719421
0,-5.328962,173.75433,0.111638849,18.966875,203.30696,0.11064174,0.001363067,2011.627359,23.62557835
0,-3.6026423,198.60454,0.092777473,18.998375,224.54652,0.15651543,0.001200827,1762.607486,24.1067175
0,-6.162617,196.7746,0.125178019,25.028057,255.51442,0.16220498,0.00142473,2141.576497,24.19681135
0,-4.6715503,183.93024,0.072962194,9.537417,130.4064,0.13427907,0.001086873,1704.068417,23.54770335
0,-2.9082232,153.03195,0.076906384,17.561958,204.69473,0.14961645,0.00090017,1804.164904,23.28131675
0,-7.661668,172.92722,0.110519181,28.22498,261.24033,0.117309675,0.001747836,2062.657796,22.85649225
0,-11.252137,178.57767,0.121917269,26.348694,251.10406,0.12669806,0.002180264,2092.229289,24.56674139
0,-11.010532,167.54877,0.101843882,20.7843,218.67555,0.10561106,0.001503403,2019.094722,24.30711601
0,-9.342556,152.54813,0.128196716,33.115814,280.11667,0.108798735,0.00150683,2219.626774,24.41886988
0,-8.366022,193.64148,0.120618548,23.439245,243.10187,0.117671035,0.001502398,2143.901044,23.81213998
0,-11.788817,156.94577,0.124089645,34.830193,298.00714,0.07875372,0.002462384,2085.304189,24.08072382
0,-11.366196,142.96179,0.11210718,9.395498,151.0762,0.11271295,0.001949335,2178.561022,23.16493671
0,-11.551669,140.39757,0.136622061,22.135107,242.46822,0.100098856,0.002188805,2339.494291,24.76315129
0,-12.150431,152.73232,0.113821138,18.71204,198.6934,0.07273093,0.001347623,2212.545246,23.75041687
0,-12.123202,173.4295,0.110396834,19.950064,211.6327,0.094229296,0.00128501,1978.865155,24.14581445
0,-9.464787,160.71329,0.100344263,20.063936,217.08398,0.15299183,0.001000474,1820.618863,24.83312464
0,-9.686286,174.15173,0.079130285,13.037025,168.7233,0.13136384,0.000946622,1744.762223,24.88345325
0,-9.632279,180.15419,0.103747856,29.42695,267.8678,0.09117011,0.001006985,2139.88211,24.05479696
0,-4.839808,184.86581,0.110802759,21.44792,222.97125,0.11584784,0.001245316,2102.904206,24.28638025
0,-4.8826427,190.42891,0.089813232,18.412975,194.0705,0.14913085,0.00061586,1910.509108,24.46075536
0,-9.211474,164.82028,0.120674329,20.517052,227.54448,0.11561905,0.0015629,2192.064578,25.45735372
0,-8.556849,184.91626,0.114826202,27.413956,267.776,0.1104409,0.001435827,2199.355352,24.63964014
0,-0.01082935,176.92886,0.126366331,26.140274,262.13638,0.15345134,0.000637847,2222.269126,23.74363599
0,-6.468301,180.84254,0.102511161,26.970871,262.21765,0.11184442,0.001151415,1969.056247,24.72641893
0,-9.724513,162.53458,0.099925648,24.17778,243.56754,0.099424146,0.001236972,2054.098189,25.58053978
0,-15.586429,138.52277,0.129814148,25.120203,247.90067,0.10022394,0.002272715,2281.838483,25.8406633
0,-13.568056,179.65558,0.151195313,48.25891,359.6456,0.110037975,0.002953379,2575.612282,25.45438727
0,-12.516556,102.8905,0.163243273,35.138603,310.20044,0.12349452,0.003343505,2673.542741,25.0856291
0,-14.215334,133.9426,0.141815655,52.639156,362.39816,0.06789063,0.002096436,2356.786339,25.47954977
0,-14.713614,138.89174,0.121301006,32.0559,278.91815,0.07932646,0.001944694,2243.260389,24.75161103
0,-15.862796,127.48267,0.143247454,41.651787,326.4314,0.06820446,0.002326539,2443.575393,25.8006767
0,-12.838183,137.32544,0.120008196,39.539856,317.82037,0.12923487,0.001746939,2281.370632,24.78164621
0,-9.845324,201.81943,0.094571742,32.230663,272.51755,0.06448879,0.001159849,1851.787049,23.01129494
0,-12.997082,166.26076,0.10116963,23.34241,236.9644,0.098398425,0.001352952,2073.10201,24.41846876
0,-12.643791,174.56657,0.108708562,37.43473,292.30078,0.08148212,0.001722101,1867.954296,23.40383876
0,-9.341894,193.89763,0.109127321,32.297554,288.78323,0.09862332,0.001619435,2055.991548,23.50303633
0,-9.720987,166.37193,0.117580248,19.283201,222.70825,0.12095517,0.001864489,2173.663137,24.40996097
0,-12.479301,166.82184,0.119601268,22.337204,238.74028,0.11310254,0.001682352,2267.7932,25.68147874
0,-8.407957,183.8344,0.109006396,27.87338,271.77167,0.14214417,0.001618256,2035.766021,24.04711824
0,-4.9928665,190.15636,0.074355469,19.561012,225.38976,0.15382034,0.001339127,1656.421989,22.70555824
0,-7.7206597,188.62698,0.072746931,10.286128,143.61058,0.118156716,0.001555867,1592.535584,24.67268461
0,-10.462399,164.31451,0.070575421,12.981136,153.85165,0.08614855,0.001246782,1578.93233,25.36841278
0,-9.901796,197.18721,0.084126487,18.446596,221.26178,0.12201689,0.001524052,1778.436574,25.11944336
0,-10.079219,160.52501,0.097012868,12.120446,174.90512,0.12285354,0.002233845,1877.447445,25.68750174
0,-9.226628,175.67116,0.10368447,20.071844,234.4428,0.14175908,0.001692719,1949.214806,24.6983775
0,-9.8980875,175.65909,0.124027917,25.72515,267.56357,0.12170062,0.002301048,2072.0856,25.1658463
0,-10.022141,196.93826,0.088057454,19.280859,211.73047,0.105526924,0.001267922,1865.858351,25.42777096
0,-13.458349,167.88522,0.078970102,16.106855,186.37386,0.0630624,0.001112626,1717.994482,24.93929182
0,-12.099296,160.22787,0.077762858,19.373693,216.53989,0.08785987,0.001663727,1748.870091,26.12487914
0,-10.1180525,164.60184,0.072945568,14.265164,178.46826,0.1304012,0.001437382,1790.270166,25.24775946
0,-15.255096,137.34402,0.134988133,46.76828,348.96918,0.08429475,0.003841639,2342.765634,26.70124388
0,-18.005018,151.7353,0.092292786,25.723894,256.6609,0.06729156,0.001801195,1922.484354,25.68950457
0,-14.161451,136.32935,0.122066722,33.3898,292.69205,0.06992856,0.001721903,2224.703139,26.09175086
0,-14.034344,162.13055,0.100336675,29.149334,262.59818,0.09763931,0.001194205,2005.111447,25.47156253
0,-10.299158,175.61188,0.103833748,28.455545,261.26727,0.0878524,0.001713001,2035.800515,23.74790167
0,-10.49328,196.4064,0.092270581,16.537134,176.53752,0.11041731,0.001244331,1721.862653,24.97558461
0,-7.7528353,173.46211,0.109909784,28.48288,268.17996,0.1209274,0.001701576,1860.372534,24.60489235
0,-8.353659,177.58533,0.088088989,19.753862,213.01743,0.107170396,0.001441363,1668.923082,24.5546348
0,-12.018448,184.76315,0.097326502,19.23459,207.14388,0.08524515,0.001914841,1847.168059,23.78768782
0,-12.865992,176.96991,0.084681069,24.726728,219.12079,0.06524051,0.001702817,1659.707326,23.32532864
0,-11.119424,192.60083,0.111446206,25.65122,253.33498,0.08097427,0.001506784,1945.304204,23.32537856
0,-13.056343,199.8778,0.107591337,26.088264,249.3468,0.08392893,0.002360537,1914.673451,24.37027604
0,-9.949346,198.91269,0.111504082,29.492907,273.18347,0.071605414,0.001383841,1970.587966,23.83363574
0,-7.61228,200.08716,0.099772135,23.066656,213.03305,0.12254308,0.001551218,1926.183883,23.73665377
0,-9.1636,199.15973,0.098594342,23.921747,227.03525,0.0827245,0.000552644,1731.879995,23.54631295
0,-9.400272,202.11664,0.07627624,21.615389,213.63383,0.06969235,0.000871699,1640.42457,23.4207478
0,-13.090347,180.32663,0.081338011,43.02724,320.28204,0.062432308,0.001369652,1764.584552,23.99513206
0,-9.540476,204.2479,0.077001612,26.429665,241.60991,0.07662422,0.00151874,1636.16644,24.03811815
0,-13.209291,133.92029,0.102021008,15.022744,177.46439,0.11080388,0.002511947,2044.338729,25.5022622
0,-11.109423,161.98941,0.102756076,31.30148,276.5483,0.09491654,0.001569362,2002.325627,25.36508669
0,-12.929418,149.62073,0.099406453,12.9008875,159.80356,0.10746012,0.001441936,1782.964542,25.35920015
0,-13.413722,139.32983,0.127806214,16.25593,202.00323,0.09695622,0.001796375,2077.306982,25.51135298
0,-9.099349,165.23563,0.114733244,18.181381,210.17847,0.13846925,0.001771832,2046.743504,24.85657857
0,-10.400137,183.16011,0.090033819,20.728975,214.8611,0.09252755,0.000817155,1758.445232,24.93302227
0,-11.235676,187.07355,0.094580078,21.486074,220.92133,0.08532171,0.001405681,1932.506656,24.97622397
0,-10.45765,180.3359,0.087240896,20.97112,220.32784,0.09810339,0.001211207,1801.045323,25.12669798
0,-7.8865385,167.03271,0.070148468,13.303136,167.89752,0.13680969,0.00071517,1599.883841,25.10768608
0,-10.871186,158.08463,0.075736097,20.53138,216.53575,0.1097004,0.000877773,1701.74475,25.86088916
0,-12.846976,149.4151,0.086713399,19.457685,210.59288,0.121153764,0.001599724,1883.30998,24.17559053
0,-14.354516,162.33328,0.126670619,23.966036,245.66791,0.086496286,0.002432069,2183.89021,24.04993287
0,-15.233808,170.82794,0.131684028,25.816603,252.54424,0.071718685,0.002684642,2318.61675,24.21977106
0,-12.322031,179.9607,0.104155816,13.877306,177.11252,0.07522346,0.00177557,1913.239309,24.54165605
0,-14.41993,165.52313,0.118964668,17.192131,212.64809,0.06365707,0.002229024,2124.96028,24.66864533
0,-14.5877495,137.63068,0.123548473,19.336761,222.71115,0.072425574,0.002223996,2117.812473,25.04679246
0,-12.501953,158.40018,0.121161236,35.266758,282.0662,0.077489436,0.001569753,2225.537092,24.37847521
0,-15.177494,132.04237,0.095120771,32.63027,277.72195,0.054936633,0.001990983,2016.139927,24.58668716
0,-12.881729,164.02127,0.115578235,44.000088,328.0967,0.07087662,0.002380553,2048.859434,23.76094807
0,-10.070996,182.48932,0.098194611,24.13492,230.61218,0.099681005,0.001842004,2049.175031,24.42577296
0,-11.507584,180.16031,0.114257813,29.676329,278.70782,0.08832394,0.001362909,2189.03538,24.66188235
0,-14.315609,136.6162,0.125126379,24.20619,249.78314,0.10054267,0.002181327,2269.388146,25.72605499
0,-11.406127,161.66577,0.105875651,22.405525,234.41425,0.06786615,0.001790303,2072.363933,24.59086064
0,-12.093075,159.53622,0.108490566,40.560703,319.72687,0.06242162,0.001845665,2078.892276,24.43463308
0,-11.888281,143.51663,0.134931963,41.00114,325.41434,0.08610905,0.002242842,2457.152361,26.10984009
0,-18.383852,108.36658,0.135341687,36.459618,308.37402,0.08469829,0.003836295,2394.299609,27.06445946
0,-16.777708,122.20105,0.16787172,48.360996,361.81226,0.06883628,0.003558155,2615.845079,26.09307023
0,-15.554046,118.9415,0.143981341,34.68494,306.1456,0.08189544,0.003681299,2531.870414,27.88143501
0,-17.73718,121.015785,0.147642299,31.153961,289.9066,0.053549618,0.003614948,2492.795522,27.6975491
0,-17.612886,113.35956,0.143168308,36.687786,309.8898,0.037643496,0.003068684,2486.735994,26.78915593
0,-14.647841,158.06534,0.156323402,59.35123,393.45926,0.07333995,0.002027324,2533.28677,25.94700391
0,-19.050968,123.63002,0.127371234,36.600563,303.0765,0.055009212,0.002709196,2383.959486,26.77385217
0,-18.143063,135.35828,0.129743745,32.669647,283.5209,0.06825222,0.00228635,2359.724265,25.95978362
0,-18.697542,138.02815,0.129320157,48.31027,353.0406,0.049002722,0.002647155,2281.948767,25.7185361
0,-14.697478,115.30935,0.144178118,40.80673,331.36905,0.064908214,0.002247433,2459.126465,27.56017413
0,-3.6637545,235.86595,0.104401042,30.741476,282.0619,0.09910703,0.000862257,1763.328828,21.9156084
0,-2.162207,230.01263,0.071662131,21.139235,221.6527,0.101580836,0.000442189,1427.366832,22.42249401
0,-2.7418265,220.90668,0.08584049,29.138397,273.7266,0.10522471,0.000620756,1680.061316,22.03226699
0,-5.6458426,218.66406,0.082197332,23.393478,249.57591,0.074385464,0.001131219,1582.424659,22.12796215
0,-6.1503615,210.10815,0.06238732,13.014873,178.21318,0.07129625,0.000880352,1603.041394,22.41944484
0,-7.392217,224.871,0.05994985,16.232635,197.51527,0.055726856,0.00050147,1382.087344,21.93158677
0,-4.694696,200.63397,0.057849839,15.101312,198.22357,0.107568584,0.000824488,1327.943524,22.95721926
0,-2.4962544,192.8978,0.049475468,5.1816826,107.280975,0.14535135,0.000557679,1461.61885,22.46974497
0,-4.896545,200.62233,0.044342409,6.2381897,123.790215,0.11272708,0.000641406,1291.855447,22.09783372
0,-2.9630823,214.86713,0.063830215,13.653223,192.90253,0.13617504,0.000681937,1410.331157,22.59871584
0,-3.019164,211.8194,0.063597005,10.016572,162.50218,0.14283548,0.000873317,1412.104156,22.12293964
0,-3.7195551,208.89272,0.06012033,8.776485,154.35034,0.1336467,0.000923122,1431.231773,22.07344385
0,-4.304574,195.3763,0.051248879,7.2385364,132.9405,0.097014874,0.000713513,1398.874204,21.69937814
0,-4.4637413,204.43008,0.04611419,8.176348,144.82182,0.09507761,0.000472774,1245.61797,22.20515299
0,-5.426236,186.7944,0.052246094,8.82824,148.07744,0.08716535,0.000839647,1308.286061,21.91010405
0,-4.7622,217.70377,0.042103933,6.5615816,123.77981,0.1101353,0.000581186,1304.609679,22.28153812
0,-1.6331561,229.6937,0.073109283,15.854415,201.11148,0.10996961,0.000727271,1585.547316,22.19922227
0,-1.2715826,215.04245,0.087919013,9.76142,157.07141,0.21414793,0.000756183,1715.995979,23.80784098
0,-0.89630413,202.26251,0.062861575,7.173148,128.34795,0.21110468,0.000527252,1507.48675,23.90487924
0,-1.949825,226.47318,0.080505716,19.69651,219.64543,0.19919966,0.000588925,1589.931649,23.61106573
0,1.8043396,212.51862,0.072943793,23.750801,245.25714,0.16635425,0.000341815,1558.690667,22.25057516
0,-0.64280045,224.4035,0.07767693,15.858585,203.18803,0.14169095,0.000461357,1432.83965,22.19852799
0,0.55600166,224.00694,0.045163002,7.8743935,125.18551,0.13857362,0.000206474,1217.641099,22.14133589
0,-2.7108245,220.59619,0.08528463,17.889612,224.05817,0.107327126,0.000352633,1556.983669,22.17066654
0,-6.500113,250.09,0.07803133,17.105452,216.43486,0.06248581,0.000443637,1589.522069,21.33918773
0,-0.85026175,210.47476,0.092041016,13.084826,191.94022,0.14662802,0.000353259,1614.148071,22.72070733
0,-4.3875375,220.33469,0.071082482,11.9447565,173.07535,0.09559326,0.000473065,1516.175142,22.94197712
0,-5.9807205,238.89552,0.051773131,9.171168,139.75868,0.074667685,0.000458567,1337.197571,21.99205667
0,-5.0392413,222.71396,0.052674208,13.106729,181.12112,0.090513796,0.000468892,1352.554396,21.59117432
0,-2.2969763,216.86365,0.054931641,8.082463,149.42331,0.122214206,0.000317503,1398.135504,22.42043639
0,-4.9145613,230.33258,0.071675883,23.20658,237.54643,0.08860046,0.00068336,1511.793993,22.63698997
0,-2.6369057,215.21399,0.077814532,18.702488,223.4099,0.102863595,0.000591105,1538.55676,22.53773636
0,-4.062063,221.58661,0.04046136,7.5745296,120.93948,0.08125646,0.000333141,1163.917545,22.67803385
0,-3.9954636,229.58063,0.060546875,15.948866,197.09972,0.093144864,0.000362866,1378.509651,22.94036567
0,0.28023756,188.18393,0.06758777,5.0409894,91.39909,0.12775917,0.000627427,1673.62611,22.52168878
0,-1.3763951,174.87619,0.061178068,8.993474,141.10596,0.12592238,0.000619646,1479.163411,22.86370251
0,-0.46857306,199.30008,0.072728475,12.502475,184.14368,0.11319693,0.000643951,1644.596129,22.52257431
0,-0.10586764,160.88065,0.08856745,7.8437715,134.45493,0.16592208,0.000930846,1807.934659,22.68602678
0,-0.8170748,183.41678,0.05247093,5.306106,91.49104,0.13998593,0.000458896,1373.24332,22.34744488
0,-2.1630785,200.26811,0.125477781,11.634671,156.26486,0.11657347,0.001003788,2043.058799,23.05931649
0,-2.8733177,207.42163,0.073435465,10.065033,131.97339,0.09212103,0.000757817,1591.862623,22.15899055
0,-4.5634365,221.45757,0.04442206,4.058901,77.695404,0.059029922,0.000411924,1215.277901,21.79531998
0,-2.778566,206.74945,0.092348845,15.537539,201.37805,0.09749663,0.0009147,1808.649973,22.43123027
0,-5.085431,201.56961,0.073635963,9.433106,159.67085,0.08184415,0.001182276,1732.06632,22.50225899
0,-4.666518,177.11357,0.080479832,7.9572797,142.18056,0.10098868,0.001135225,1763.561749,22.56684428
0,-3.7764947,203.54143,0.055809818,7.3079834,121.4722,0.08487567,0.00065895,1591.959929,21.85647545
0,-4.0524845,189.68903,0.074468041,11.01072,146.4714,0.09179432,0.000662393,1610.918436,22.87113336
0,-3.3802931,193.88095,0.071286067,10.838675,153.05652,0.09341339,0.001019846,1616.785078,22.67355987
0,-3.6800408,195.43105,0.058726616,5.9240093,106.7361,0.10249857,0.000680938,1462.79939,22.57088347
0,-0.51884997,215.57016,0.083595743,18.726759,218.02498,0.1467055,0.000516271,1718.331717,22.35790488
0,-0.048125204,204.51965,0.066478911,9.794035,152.7288,0.16726726,0.000390102,1648.651035,22.97854952
0,-0.9283539,206.49017,0.05531529,9.157242,155.56017,0.12970923,0.000202719,1369.913554,22.25918138
0,-2.5001395,202.87573,0.060264632,13.380025,186.79646,0.11522745,0.00042841,1449.262521,22.9474107
0,-7.891107,160.45709,0.098256879,26.25715,269.2317,0.073015966,0.001115533,2070.603093,23.59867138
0,-6.2422466,138.33755,0.129266036,32.81337,294.78192,0.15410243,0.000911225,2276.20399,24.52423082
0,-7.0702143,148.47568,0.103487112,25.818186,258.19702,0.11419207,0.000692729,1992.184273,24.07442253
0,-5.780466,179.80795,0.086477442,20.14188,235.83257,0.10191706,0.000763865,2043.39348,23.52756146
0,-6.3685713,147.31044,0.120608502,25.460611,267.5804,0.07334722,0.000956686,2246.228831,23.39893619
0,-7.0046935,138.15482,0.109514509,17.588108,224.9664,0.0884942,0.001071769,2200.047028,23.95215175
0,-7.4341116,164.66093,0.076243792,15.078778,199.22679,0.1225613,0.00063716,1887.992226,23.89170208
0,-7.574416,141.017,0.072001379,16.123999,208.74481,0.089685075,0.000705186,1914.059293,23.6013703
0,-7.325967,153.07147,0.091758071,16.607239,207.881,0.13982926,0.00101804,1997.695434,24.24525177
