1,-3.6637545,-513.1155,235.86595,0.104401042,0.012695313,30.741476,282.0619,0.000862257,38.18514,-66.33856,1763.328828,21.9156084
1,-2.162207,-512.5661,230.01263,0.071662131,0.014648438,21.139235,221.6527,0.000442189,53.457527,-93.80748,1427.366832,22.42249401
1,-2.7418265,-511.8171,220.90668,0.08584049,0.002441406,29.138397,273.7266,0.000620756,51.562065,-90.59676,1680.061316,22.03226699
1,-5.6458426,-520.17645,218.66406,0.082197332,0.001464844,23.393478,249.57591,0.001131219,51.01719,-89.3362,1582.424659,22.12796215
1,-6.1503615,-537.7536,210.10815,0.06238732,0.000488281,13.014873,178.21318,0.000880352,47.664143,-83.532936,1603.041394,22.41944484
1,-7.392217,-549.20386,224.871,0.05994985,0.001953125,16.232635,197.51527,0.00050147,56.38437,-99.16922,1382.087344,21.93158677
1,-4.694696,-488.4656,200.63397,0.057849839,0.006347656,15.101312,198.22357,0.000824488,47.879585,-83.75447,1327.943524,22.95721926
1,-2.4962544,-422.53314,192.8978,0.049475468,0.000976563,5.1816826,107.280975,0.000557679,40.798004,-70.612045,1461.61885,22.46974497
1,-4.896545,-440.05344,200.62233,0.044342409,0.001464844,6.2381897,123.790215,0.000641406,40.61411,-70.502396,1291.855447,22.09783372
1,-2.9630823,-439.17438,214.86713,0.063830215,0.000488281,13.653223,192.90253,0.000681937,41.702026,-72.44026,1410.331157,22.59871584
1,-3.019164,-423.64114,211.8194,0.063597005,0.001464844,10.016572,162.50218,0.000873317,35.61834,-61.69439,1412.104156,22.12293964
1,-3.7195551,-431.75705,208.89272,0.06012033,0.000488281,8.776485,154.35034,0.000923122,35.626896,-61.808094,1431.231773,22.07344385
1,-4.304574,-452.00272,195.3763,0.051248879,0.000488281,7.2385364,132.9405,0.000713513,42.05536,-73.23267,1398.874204,21.69937814
1,-4.4637413,-456.38727,204.43008,0.04611419,0.000488281,8.176348,144.82182,0.000472774,44.400906,-77.16884,1245.61797,22.20515299
1,-5.426236,-470.73077,186.7944,0.052246094,0.000488281,8.82824,148.07744,0.000839647,41.105434,-71.88318,1308.286061,21.91010405
1,-4.7622,-462.36426,217.70377,0.042103933,0.000488281,6.5615816,123.77981,0.000581186,44.041252,-77.046936,1304.609679,22.28153812
1,-1.6331561,-436.0157,229.6937,0.073109283,0.000488281,15.854415,201.11148,0.000727271,51.42602,-90.04879,1585.547316,22.19922227
1,-1.2715826,-413.07077,215.04245,0.087919013,0.001464844,9.76142,157.07141,0.000756183,43.931255,-76.3146,1715.995979,23.80784098
1,-0.89630413,-435.77145,202.26251,0.062861575,0.000976563,7.173148,128.34795,0.000527252,43.59412,-75.930466,1507.48675,23.90487924
1,-1.949825,-434.46054,226.47318,0.080505716,0.000976563,19.69651,219.64543,0.000588925,43.23222,-75.38478,1589.931649,23.61106573
1,1.8043396,-493.99142,212.51862,0.072943793,0.008300781,23.750801,245.25714,0.000341815,45.747074,-79.846,1558.690667,22.25057516
1,-0.64280045,-492.96475,224.4035,0.07767693,0.005371094,15.858585,203.18803,0.000461357,43.868015,-76.18743,1432.83965,22.19852799
1,0.55600166,-499.4822,224.00694,0.045163002,0.001953125,7.8743935,125.18551,0.000206474,48.233498,-84.1846,1217.641099,22.14133589
1,-2.7108245,-498.2936,220.59619,0.08528463,0,17.889612,224.05817,0.000352633,40.753075,-70.84156,1556.983669,22.17066654
1,-6.500113,-541.5346,250.09,0.07803133,0.000488281,17.105452,216.43486,0.000443637,48.274593,-84.11106,1589.522069,21.33918773
1,-0.85026175,-485.47217,210.47476,0.092041016,0.004394531,13.084826,191.94022,0.000353259,41.760933,-72.485535,1614.148071,22.72070733
1,-4.3875375,-527.91144,220.33469,0.071082482,0.008300781,11.9447565,173.07535,0.000473065,43.386837,-75.41963,1516.175142,22.94197712
1,-5.9807205,-528.16003,238.89552,0.051773131,0.000488281,9.171168,139.75868,0.000458567,47.639523,-83.11934,1337.197571,21.99205667
1,-5.0392413,-509.12085,222.71396,0.052674208,0.004394531,13.106729,181.12112,0.000468892,47.82197,-83.70224,1352.554396,21.59117432
1,-2.2969763,-473.97183,216.86365,0.054931641,0.000976563,8.082463,149.42331,0.000317503,43.331356,-75.196724,1398.135504,22.42043639
1,-4.9145613,-531.78064,230.33258,0.071675883,0.000976563,23.20658,237.54643,0.00068336,52.082985,-91.08264,1511.793993,22.63698997
1,-2.6369057,-504.38733,215.21399,0.077814532,0.001464844,18.702488,223.4099,0.000591105,53.536095,-94.3866,1538.55676,22.53773636
1,-4.062063,-529.0637,221.58661,0.04046136,0.000488281,7.5745296,120.93948,0.000333141,62.42251,-110.387985,1163.917545,22.67803385
1,-3.9954636,-533.9241,229.58063,0.060546875,0.000488281,15.948866,197.09972,0.000362866,63.74415,-112.60276,1378.509651,22.94036567
1,0.28023756,-428.63055,188.18393,0.06758777,0.001464844,5.0409894,91.39909,0.000627427,36.55577,-63.215897,1673.62611,22.52168878
1,-1.3763951,-425.03482,174.87619,0.061178068,0.000976563,8.993474,141.10596,0.000619646,44.85766,-77.709236,1479.163411,22.86370251
1,-0.46857306,-414.9213,199.30008,0.072728475,0.002441406,12.502475,184.14368,0.000643951,42.18796,-73.54089,1644.596129,22.52257431
1,-0.10586764,-398.457,160.88065,0.08856745,0.006347656,7.8437715,134.45493,0.000930846,41.939934,-72.50032,1807.934659,22.68602678
1,-0.8170748,-402.76877,183.41678,0.05247093,0.001464844,5.306106,91.49104,0.000458896,43.030758,-74.36831,1373.24332,22.34744488
1,-2.1630785,-488.87915,200.26811,0.125477781,0.000976563,11.634671,156.26486,0.001003788,36.956882,-63.834084,2043.058799,23.05931649
1,-2.8733177,-497.1505,207.42163,0.073435465,0.001464844,10.065033,131.97339,0.000757817,47.29155,-82.11255,1591.862623,22.15899055
1,-4.5634365,-520.80566,221.45757,0.04442206,0,4.058901,77.695404,0.000411924,52.11872,-91.03781,1215.277901,21.79531998
1,-2.778566,-505.55475,206.74945,0.092348845,0.002929688,15.537539,201.37805,0.0009147,38.91384,-67.54147,1808.649973,22.43123027
1,-5.085431,-525.8562,201.56961,0.073635963,0.000488281,9.433106,159.67085,0.001182276,38.218624,-66.24438,1732.06632,22.50225899
1,-4.666518,-469.41824,177.11357,0.080479832,0.000488281,7.9572797,142.18056,0.001135225,39.102825,-68.0761,1763.561749,22.56684428
1,-3.7764947,-479.4361,203.54143,0.055809818,0.000488281,7.3079834,121.4722,0.00065895,38.783043,-66.81449,1591.959929,21.85647545
1,-4.0524845,-501.42325,189.68903,0.074468041,0,11.01072,146.4714,0.000662393,40.683334,-70.282234,1610.918436,22.87113336
1,-3.3802931,-477.22742,193.88095,0.071286067,0,10.838675,153.05652,0.001019846,39.031357,-67.32456,1616.785078,22.67355987
1,-3.6800408,-504.3209,195.43105,0.058726616,0.001464844,5.9240093,106.7361,0.000680938,36.914963,-63.80067,1462.79939,22.57088347
1,-0.51884997,-472.88535,215.57016,0.083595743,0.010253906,18.726759,218.02498,0.000516271,39.3186,-68.54425,1718.331717,22.35790488
1,-0.048125204,-485.3122,204.51965,0.066478911,0.00390625,9.794035,152.7288,0.000390102,40.996494,-71.448296,1648.651035,22.97854952
1,-0.9283539,-500.86203,206.49017,0.05531529,0,9.157242,155.56017,0.000202719,44.765163,-78.091324,1369.913554,22.25918138
1,-2.5001395,-518.1315,202.87573,0.060264632,0.005859375,13.380025,186.79646,0.00042841,49.930225,-87.4059,1449.262521,22.9474107
1,-7.891107,-456.68585,160.45709,0.098256879,0.011230469,26.25715,269.2317,0.001115533,38.730595,-66.69321,2070.603093,23.59867138
1,-6.2422466,-395.11398,138.33755,0.129266036,0.016113281,32.81337,294.78192,0.000911225,38.390068,-65.82106,2276.20399,24.52423082
1,-7.0702143,-408.45105,148.47568,0.103487112,0.016601563,25.818186,258.19702,0.000692729,43.07777,-74.757774,1992.184273,24.07442253
1,-5.780466,-396.96442,179.80795,0.086477442,0.007324219,20.14188,235.83257,0.000763865,40.40765,-69.815254,2043.39348,23.52756146
1,-6.3685713,-400.4685,147.31044,0.120608502,0.01171875,25.460611,267.5804,0.000956686,40.69632,-70.29059,2246.228831,23.39893619
1,-7.0046935,-405.49432,138.15482,0.109514509,0.015625,17.588108,224.9664,0.001071769,42.245014,-73.061386,2200.047028,23.95215175
1,-7.4341116,-468.56906,164.66093,0.076243792,0.009765625,15.078778,199.22679,0.00063716,38.797882,-66.74953,1887.992226,23.89170208
1,-7.574416,-456.78745,141.017,0.072001379,0.008300781,16.123999,208.74481,0.000705186,38.62754,-66.631775,1914.059293,23.6013703
1,-7.325967,-443.0502,153.07147,0.091758071,0,16.607239,207.881,0.00101804,36.142544,-62.15264,1997.695434,24.24525177
0,-12.965833,-542.0458,164.28989,0.120870708,0.007324219,51.584866,357.22522,0.002680218,54.535263,-95.45116,2138.843511,24.02726075
0,-12.606698,-567.97473,164.79117,0.130126953,0.0078125,47.64708,350.96243,0.001833684,49.24996,-85.680984,2418.244833,24.51095819
0,-16.577456,-587.1078,147.41881,0.122671274,0.020019531,41.785652,318.1732,0.002592525,56.602905,-98.89073,2140.453258,24.17287606
0,-16.272282,-536.66547,155.46268,0.133037439,0.02734375,37.439323,302.12875,0.002435588,54.5891,-95.89266,2249.361427,24.92646316
0,-12.247066,-527.35645,174.05792,0.132769898,0.019042969,47.989548,348.5518,0.00232604,51.188316,-89.289246,2287.604637,24.30790964
0,-15.363449,-572.93567,168.51402,0.133876801,0.019042969,42.59034,324.2546,0.002688976,54.19286,-94.830765,2175.874961,24.35907468
0,-15.369409,-548.4166,152.19943,0.146272786,0.024902344,45.8927,349.38098,0.003035721,45.570232,-79.22749,2356.86329,25.34312351
0,-11.471551,-581.4835,197.83325,0.125415559,0.006347656,45.66413,349.04535,0.001711796,53.53793,-93.59423,2188.950489,24.73833829
0,-11.350073,-556.83417,173.50986,0.126607099,0.000488281,33.94397,299.00504,0.001302277,48.714283,-85.03672,2190.800235,24.93682617
0,-12.044313,-549.5165,186.37761,0.102960117,0.0234375,31.84047,275.3269,0.00176833,55.13078,-96.26578,1981.626796,24.40394589
0,-16.155207,-583.64703,182.01602,0.111451666,0.002441406,38.56242,308.86603,0.001831924,56.506065,-98.94819,2051.836531,24.87974843
0,-12.378128,-526.89136,160.69397,0.102691406,0.016601563,46.62689,349.4225,0.001511262,57.85829,-101.07343,1999.90204,24.84516501
0,-16.470839,-589.5942,165.47102,0.107115401,0.025878906,30.433666,274.9883,0.001903573,59.632362,-104.245636,2052.791918,25.03452267
0,-16.602566,-555.6308,154.47568,0.121554393,0.016113281,34.21592,293.46155,0.002237786,60.046333,-105.59477,2175.090231,25.76796528
0,-18.596199,-654.21643,147.88997,0.116524833,0.009277344,38.788105,321.62,0.00295394,59.730366,-105.41911,2330.682876,25.03710481
0,-13.886213,-555.08215,127.09349,0.146792059,0.014648438,54.276333,369.51187,0.003639987,63.337456,-111.756454,2433.466213,24.78986935
0,-17.916473,-627.8411,147.52678,0.10281033,0.003417969,43.68646,332.3477,0.002346239,68.45233,-120.90028,2090.156264,24.20420598
0,-15.496609,-577.3049,147.63945,0.107346755,0.019042969,46.624195,332.36136,0.002916708,65.58085,-116.33403,2129.432602,24.53530891
0,-13.407332,-533.6018,162.02432,0.135000154,0.018066406,38.66431,317.05225,0.002623954,48.93646,-85.4122,2331.413577,25.12560191
0,-16.26253,-603.1479,133.28085,0.12286377,0.001953125,32.47871,291.15176,0.002715561,51.746906,-90.47255,2218.14607,25.31502118
0,-13.965273,-536.70447,137.28456,0.125126339,0,39.433834,325.54932,0.001834063,51.327805,-89.92011,2210.047168,24.42536114
0,-13.508334,-574.2221,165.32703,0.110446069,0.003417969,36.12282,291.87347,0.001574397,53.240177,-93.12962,2176.324086,24.22569516
0,-16.932804,-633.8586,170.80737,0.101570823,0.002441406,34.757618,287.71927,0.001381027,56.581676,-99.32005,1917.712867,24.32013499
0,-13.266797,-559.06213,155.52164,0.101929602,0.010742188,29.28113,274.49036,0.001938347,60.259678,-105.80632,1965.549678,24.81975335
0,-14.343699,-570.7637,170.56903,0.111935916,0.005859375,39.58164,321.0168,0.002001696,58.26929,-102.4719,2026.201702,24.21603345
0,-14.900598,-556.11005,154.0976,0.083151425,0.007324219,24.204641,250.81412,0.001455384,61.43457,-107.77692,1994.395759,25.46908156
0,-18.58833,-653.6092,179.1781,0.117880332,0.020996094,55.635338,373.14792,0.00361968,61.336983,-108.5759,2163.039153,23.81579329
0,-18.50036,-606.5097,179.94254,0.10599094,0.010253906,38.981174,310.56168,0.001901911,70.07407,-124.02689,2022.391481,24.52758838
0,-17.84999,-582.5145,134.11816,0.110461426,0.006347656,46.707172,337.26498,0.001577826,70.61334,-125.052246,2023.644339,24.16545321
0,-15.272056,-547.3889,172.47859,0.134529788,0.017089844,50.600407,362.02017,0.002881974,55.49949,-97.451675,2281.329901,24.86248422
0,-17.895262,-582.32874,166.40901,0.143108865,0.000488281,47.613556,352.5366,0.003558282,54.929092,-97.02836,2362.082462,25.36735904
0,-17.071743,-577.55054,127.2148,0.149635492,0.021972656,52.812634,381.9601,0.003341545,64.63175,-114.95313,2392.277883,25.54944544
0,-16.43343,-581.8747,149.60297,0.097246094,0.016113281,23.98031,246.96466,0.001383245,52.169292,-91.22049,1929.889874,26.06862222
0,-16.18854,-568.1926,147.3378,0.126664357,0.010742188,31.351873,288.46512,0.001847979,57.568535,-101.48954,2188.792616,25.46587785
0,-9.159986,-488.97452,196.4801,0.110719842,0.009277344,37.702374,294.63058,0.000788193,51.530636,-90.52642,2024.770026,24.67186045
0,-15.299277,-605.0098,171.34254,0.110087977,0.012207031,35.44262,286.12085,0.001291101,70.5433,-124.92446,1995.06379,25.43579612
0,-18.765156,-574.605,154.11655,0.111801147,0.029785156,33.787094,288.91727,0.001705995,66.07979,-116.36792,2129.950722,26.27441528
0,-15.564055,-543.26,150.62805,0.099497027,0.003417969,32.116425,285.377,0.001402978,71.00376,-125.10138,2057.420781,25.68708134
0,-14.556072,-564.4597,153.09064,0.101806641,0.005859375,33.59333,302.63818,0.00142503,72.994865,-129.04594,2048.921168,25.8221594
0,-11.090029,-654.327,187.4275,0.155221493,0.021484375,67.76676,405.33127,0.003443211,45.573532,-79.885345,2391.205915,23.71538201
0,-10.031128,-578.6507,183.18134,0.140646463,0.014648438,53.030823,365.60452,0.002120442,42.121902,-73.13112,2385.854233,23.86645206
0,-6.6340113,-544.1287,184.59448,0.165797288,0.022949219,71.2602,424.54465,0.002801226,41.166374,-71.71125,2572.007174,23.10235537
0,-11.328009,-559.9857,192.57648,0.136564231,0.013671875,61.615826,388.80722,0.003730181,53.18269,-92.813934,2236.072432,23.43637185
0,-13.354541,-591.77954,177.33447,0.126398534,0.015625,50.09002,353.44147,0.002076275,51.648624,-89.99593,2176.207018,22.90903578
0,-11.615554,-558.07825,172.3587,0.167267923,0.018066406,66.750595,409.41336,0.00458538,44.942932,-78.44488,2433.775362,23.34719662
0,-13.007915,-565.7129,178.05936,0.137431483,0.028320313,52.27824,359.49527,0.002583244,55.493553,-96.7918,2259.007589,24.36060193
0,-12.761063,-500.5019,153.12515,0.125916157,0.013671875,52.180122,351.49002,0.002463918,54.776974,-96.37993,2002.01338,24.6459364
0,-12.789145,-546.31915,161.22552,0.123475438,0.012207031,54.86714,365.70734,0.003202912,49.44089,-86.427216,2025.834394,23.84523757
0,-15.678567,-596.4955,166.23792,0.123226768,0.017578125,44.87674,340.95145,0.002409009,48.624603,-84.407135,2171.853299,24.45397643
0,-15.71517,-566.2662,169.83525,0.117581655,0.003417969,48.980522,337.04422,0.003090417,43.908295,-76.23517,1980.575031,23.32240068
0,-16.125994,-539.20557,165.77704,0.122902716,0.012695313,36.352543,291.6918,0.002935013,51.47463,-89.80261,2049.695652,24.12142386
0,-15.803034,-528.01404,166.32141,0.11334439,0.001464844,30.523407,264.305,0.001836514,57.70822,-101.19349,1946.626293,24.32202068
0,-11.453012,-533.6566,200.08707,0.107054261,0.0078125,31.374561,275.1862,0.00143643,54.046032,-94.87206,1930.390051,23.82454715
0,-16.825886,-560.8059,171.37143,0.109264256,0.006347656,34.212753,288.96448,0.001989866,59.098866,-103.3436,1909.292223,24.77094882
0,-13.340407,-581.01697,179.83781,0.101298348,0.000488281,27.238264,259.78018,0.001461765,55.821247,-97.37254,1802.23453,24.4931281
0,-11.619373,-550.68427,191.46352,0.101994978,0.005371094,30.582806,255.94902,0.001755196,52.496876,-91.59875,1858.964298,25.32015993
0,-13.434348,-626.4321,209.1683,0.103055087,0.007324219,29.644175,264.8127,0.001210272,52.803143,-92.411705,1800.147229,23.8426046
0,-14.453873,-537.7376,174.53906,0.09718533,0.001464844,25.649702,239.07335,0.001626734,58.31346,-102.51178,1762.703937,24.36177282
0,-13.228612,-541.55133,185.98009,0.097499408,0.015136719,31.692917,275.11832,0.001604213,54.782063,-95.80246,1799.586748,24.66937259
0,-14.903932,-575.0353,167.3786,0.090261719,0.001953125,20.649422,209.58124,0.00167531,47.92414,-83.91024,1803.077651,25.16936835
0,-14.896268,-623.9368,179.32367,0.112089269,0.009277344,52.34373,359.47528,0.003623184,55.07244,-95.98762,2100.171771,24.57631623
0,-12.425108,-533.6492,170.77765,0.103913762,0.013183594,37.05404,309.43015,0.001747847,58.467636,-102.63078,2070.071532,23.72999944
0,-13.002672,-549.9609,177.08578,0.101554871,0.002441406,40.40835,324.66507,0.001832881,61.69738,-108.14928,1946.234614,25.37710273
0,-13.407985,-567.2983,182.21146,0.124030618,0.012207031,51.67068,362.9791,0.002841981,56.633427,-98.9838,2143.663088,24.51900816
0,-14.369873,-577.75037,187.3613,0.131240946,0.024414063,61.283897,402.9141,0.002842072,57.036278,-99.55579,2242.227923,24.78467426
0,-10.595091,-518.8317,176.6306,0.110366066,0.017089844,34.958485,299.03342,0.001664018,62.580257,-109.59564,1984.878646,26.48113846
0,-13.473212,-610.6245,187.90738,0.127783707,0.014648438,47.90506,362.69775,0.0024987,56.123734,-98.18167,2315.787475,24.86324707
0,-13.272139,-540.87933,177.91373,0.097237142,0.01953125,38.820137,311.84702,0.001846776,61.213135,-107.48404,2028.107996,25.16169067
0,-14.897322,-575.04834,180.33618,0.116553945,0.023925781,47.147858,342.4479,0.002693127,56.57804,-98.80349,2189.354531,24.86650237
0,-11.640231,-516.3471,186.62733,0.100484035,0.012695313,37.7711,303.72656,0.002137146,59.314552,-103.73463,2014.302688,23.75764772
0,-13.849014,-580.8227,189.02274,0.103897958,0.007324219,49.810863,358.72238,0.002141753,63.13398,-110.3903,1948.123914,25.66626482
0,-17.679995,-574.86176,167.84232,0.112455611,0.041503906,46.01875,351.90106,0.002985513,55.28357,-96.63063,2244.057951,26.88521396
0,-13.602545,-539.652,136.6486,0.136445887,0.0234375,39.142662,311.12003,0.002312608,47.79797,-83.39566,2225.266392,23.92028585
0,-15.751683,-564.294,151.89412,0.110643175,0.016601563,33.406902,272.08487,0.001428876,57.457245,-101.0836,1915.368037,24.48927995
0,-16.347792,-549.9853,155.53879,0.102164335,0.02734375,23.157305,221.98727,0.00209513,53.912075,-95.09905,1881.49947,24.73164848
0,-14.282667,-519.07465,167.03514,0.120238281,0.024414063,27.56208,263.79904,0.002492018,43.412514,-75.16611,1989.401759,24.64218011
0,-15.732773,-505.22296,149.7839,0.140431025,0.025878906,40.758648,318.52393,0.003380551,51.296684,-90.11005,2200.444352,24.51845582
0,-17.32111,-558.2586,146.41983,0.119967714,0.021972656,27.451767,267.3268,0.002931963,50.554417,-88.24139,2206.239662,25.19585483
0,-12.054888,-538.48944,165.20691,0.110844878,0.021484375,20.812197,226.60806,0.002004834,47.270107,-82.49193,1938.294288,25.67450468
0,-14.45247,-509.43842,159.97691,0.090008075,0.005859375,21.207388,200.6463,0.001675681,53.01601,-93.7881,1822.506799,25.92008527
0,-15.984806,-545.92413,158.41751,0.106789613,0.009277344,27.223177,239.02515,0.001548678,55.60751,-98.01471,1913.463733,24.70030138
0,-14.713065,-508.5282,151.15102,0.102130596,0.012695313,30.15349,258.10245,0.001697365,54.17928,-95.88578,1812.278357,25.43595741
0,-12.904731,-530.32263,153.6941,0.075246711,0.022949219,14.168004,163.26434,0.000911539,55.940807,-98.41138,1687.331068,25.96742596
0,-15.177507,-564.3741,139.63539,0.093695279,0.022949219,23.620186,224.47229,0.001250811,58.50838,-103.42592,1860.437342,25.81387259
0,-15.475479,-541.7954,159.2738,0.126017826,0.004394531,28.523613,255.44963,0.003252049,55.74512,-98.10791,2223.866975,24.24872167
0,-13.854451,-592.7224,158.61655,0.108656939,0.008789063,36.822224,297.03113,0.003211137,53.061855,-93.43115,2171.109712,23.58942814
0,-17.108086,-582.75696,141.25122,0.118545708,0.020019531,34.65844,289.41632,0.002794238,55.864807,-98.593994,2181.22203,24.02887801
0,-16.734684,-577.8452,134.67313,0.120825464,0.018554688,32.102997,284.16837,0.002840049,56.895424,-100.437164,2320.223659,25.38359568
0,-16.556454,-569.88763,146.53395,0.099492188,0.018066406,25.289879,242.77231,0.002904896,61.293392,-107.73761,2146.03266,24.13689183
0,-15.971355,-553.65936,145.88425,0.106745449,0.000976563,28.626987,260.0156,0.003285815,61.75921,-108.904724,2057.5879,24.80863489
0,-14.007443,-523.77716,163.17023,0.137746116,0.004882813,32.648823,293.11258,0.003066824,51.362923,-90.0691,2339.751785,24.70371129
0,-15.370055,-528.88824,168.2096,0.138213187,0.013671875,29.334757,276.64923,0.003212827,55.704594,-97.74162,2414.156148,25.62680692
0,-17.255077,-580.48676,130.39127,0.126991529,0.020996094,21.537222,238.88148,0.003751916,51.09959,-89.51051,2325.85497,24.9207784
0,-13.423996,-566.3873,160.28444,0.136566162,0,29.551819,277.32294,0.002253592,49.224064,-86.16087,2269.702212,24.13200175
0,-12.227175,-547.38214,163.63492,0.135573956,0.002441406,43.004055,313.9718,0.001854918,50.441185,-88.69573,2320.951554,24.04890879
0,-12.690571,-559.53784,161.06033,0.113656092,0.013183594,23.534866,222.91397,0.001997399,53.383747,-94.22214,2326.44423,25.18756193
0,-15.539584,-549.23065,137.5373,0.110209147,0.000488281,30.814817,273.77136,0.001978752,61.47558,-109.41815,2175.489317,24.64289686
0,-17.039341,-586.07526,154.876,0.109279259,0,34.492622,294.7767,0.002335975,62.72127,-110.84389,2203.157478,26.15278688
0,-15.403986,-576.3144,151.36404,0.127571615,0.027832031,34.516132,294.23334,0.002652305,61.86471,-109.338455,2295.462988,25.67578467
0,-15.526897,-595.227,156.22374,0.081980299,0.006347656,19.653149,217.87784,0.001690219,58.75598,-103.837204,1949.094815,25.94500429
0,-17.347673,-593.1377,160.88333,0.140958762,0.021484375,55.348885,376.95386,0.004676584,58.41113,-102.33766,2482.845332,24.6209316
0,-17.111954,-569.3342,136.32364,0.116768079,0.008789063,42.779636,323.4704,0.002476433,64.12653,-112.29394,2214.868829,24.35272531
0,-16.057724,-568.54346,136.68063,0.110796578,0.014160156,34.515156,301.84875,0.001953746,65.5402,-114.85543,2214.405325,25.12545723
0,-16.523943,-563.0629,159.93164,0.12461635,0.003417969,40.55518,323.40887,0.003727647,66.56919,-117.10271,2238.825742,25.25932693
0,-16.90702,-549.94666,147.2322,0.111204509,0.005859375,31.81709,280.0556,0.003536224,67.75719,-119.0621,2139.595118,25.1711701
0,-15.316542,-581.8969,155.51877,0.144174149,0.010742188,44.062527,337.91104,0.002835705,54.601078,-95.55057,2456.567839,25.05084642
0,-9.438641,-505.10574,162.98863,0.134727076,0.008300781,36.507713,316.36942,0.001657009,48.1345,-83.87097,2358.495913,25.05822247
0,-11.598252,-577.3834,162.65053,0.120043945,0.002441406,36.725723,299.71716,0.002421141,61.11528,-107.01044,2262.431245,24.79983066
0,-14.714085,-533.61255,155.77835,0.132332861,0.022460938,44.178528,333.21246,0.00372454,62.677723,-110.014786,2352.653928,25.12744447
0,-14.098182,-576.9707,154.06586,0.125451239,0.00390625,36.46187,305.4923,0.002744759,60.424923,-106.73346,2281.752402,25.36069418
0,-12.961759,-557.3013,162.8041,0.126912124,0.026367188,34.348194,292.26828,0.002268875,63.064484,-111.019165,2289.184993,25.06633918
0,-14.342772,-636.31616,157.14224,0.134990659,0.007324219,50.574978,358.0212,0.00227865,60.760353,-106.72135,2312.738772,24.35909917
0,-16.350925,-609.99097,149.61063,0.123967756,0.012207031,36.082962,300.68497,0.002177372,64.72299,-113.32506,2310.696621,26.31271574
0,-17.483837,-554.055,136.24771,0.178083882,0.0390625,62.383476,408.29907,0.005704312,50.829742,-89.426346,2658.351592,25.24205222
0,-22.517248,-638.1718,104.254196,0.156173904,0.032226563,52.54173,378.76257,0.005372607,66.88411,-118.15306,2662.00501,26.89710255
0,-20.351624,-591.94244,114.39671,0.150123233,0.031738281,47.99844,353.4611,0.004341765,69.55553,-123.12576,2442.511909,26.20934478
0,-19.828156,-604.1586,123.94401,0.176573057,0.0234375,54.60841,380.66412,0.005317932,60.213398,-106.08296,2752.617744,25.89681051
0,-16.086788,-520.9278,133.96686,0.152590905,0.030761719,53.24115,377.58734,0.004652004,51.944447,-91.231186,2518.241429,25.74451505
0,-18.088564,-567.9292,124.83529,0.186791397,0.057128906,74.04134,446.1657,0.005915823,56.759186,-100.132805,2799.885503,25.40562641
0,-20.841402,-612.31274,119.66902,0.177497345,0.025878906,38.53809,326.41663,0.006064536,64.71468,-114.71975,2707.156543,26.77759302
0,-15.235301,-587.9637,144.27238,0.156906803,0.027832031,47.998547,363.7272,0.002820499,51.778725,-90.29856,2644.087185,26.05187961
0,-19.977203,-617.73425,130.58511,0.18717731,0.033691406,59.620888,408.6373,0.004228087,55.835777,-97.73066,2850.613479,26.49095659
0,-19.920046,-572.99457,120.084305,0.162788723,0.033691406,51.403244,362.60806,0.004641478,65.35646,-116.02745,2638.856384,26.6255853
0,-20.115088,-581.5124,127.87534,0.159940832,0.014160156,42.258373,334.1746,0.00507887,62.354996,-110.56137,2614.584674,27.34598919
0,-19.465328,-616.87946,127.404755,0.196018819,0.022460938,69.76119,441.30276,0.004928547,66.48398,-117.37114,2765.680922,26.04839756
0,-21.549995,-657.45465,122.55795,0.148953951,0.033691406,51.72123,373.88516,0.003499347,66.271416,-117.87598,2528.678991,26.19437007
0,-15.391496,-577.75476,131.39928,0.165863317,0.044433594,57.17062,392.7321,0.002790293,57.14038,-100.574066,2662.47887,25.92505367
0,-6.357371,-493.63916,204.86061,0.360839844,0.013183594,21.11515,223.44061,0.000711171,67.15141,-118.05647,1464.785289,23.46381235
0,-3.071487,-509.41968,222.26135,0.470703125,0,16.85353,209.23279,0.00102892,43.953117,-76.21288,1648.543341,23.4995442
0,-5.4487195,-496.1767,222.7857,0.45703125,0.017578125,26.046486,257.95715,0.000966616,53.863297,-94.3752,1652.464175,22.95477334
0,-4.9045634,-542.92725,217.2085,0.418457031,0.003417969,17.658176,195.473,0.00086246,50.642815,-88.7357,1528.728073,22.79627275
0,-5.83924,-526.8954,232.0015,0.312988281,0.009765625,12.035815,158.14351,0.000812914,54.464695,-95.70886,1298.513861,23.73837054
0,-11.293458,-506.2148,188.59668,0.393554688,0.008300781,12.673538,178.02979,0.000537814,59.012325,-104.317856,1507.483013,24.64895795
0,-9.020049,-521.03485,195.99606,0.4375,0.005371094,18.05027,204.7551,0.000976336,44.572624,-78.27745,1589.598151,25.64419175
0,-8.749827,-512.0738,171.91199,0.299804688,0.014160156,7.631535,111.416626,0.000673927,45.802082,-80.54921,1566.083038,26.38774204
0,-9.44452,-512.24146,200.43396,0.474121094,0.002441406,20.899624,234.58505,0.001539623,39.957367,-69.45221,1792.111314,25.01755693
0,-6.2909846,-445.75925,183.49448,0.439453125,0.000488281,11.847818,171.55849,0.000833431,43.405968,-75.65999,1525.667029,24.74584322
0,-6.3834443,-476.1117,191.08374,0.518554688,0.001464844,28.999693,285.735,0.001134713,43.630993,-76.53534,1911.639386,25.45086475
0,-9.6493435,-544.261,197.18408,0.393554688,0.004882813,14.812647,180.95258,0.000546813,51.47356,-90.71189,1403.531933,25.29145556
0,-7.270852,-470.54694,193.91602,0.352539063,0.004394531,12.316629,163.8859,0.000453013,47.24389,-82.520035,1406.562273,25.7760595
0,-6.718442,-474.49353,199.29964,0.372070313,0.009277344,12.495822,172.97366,0.000715799,38.921257,-67.960915,1409.12384,25.09576459
0,-7.653022,-462.39624,179.43852,0.557617188,0.009277344,7.5194755,128.23053,0.000857059,41.223873,-71.91055,1479.029911,25.98899005
0,-7.597116,-482.7257,202.4559,0.3515625,0.008300781,15.117653,185.37459,0.000755378,49.62216,-87.66727,1533.067043,24.49607382
0,-6.1854987,-518.44604,206.33066,0.384765625,0.003417969,9.927254,144.38548,0.000453449,60.721756,-107.84831,1423.496719,24.74502511
0,-5.6497855,-516.59845,216.20357,0.356445313,0.008300781,22.918581,244.3166,0.001090229,47.571804,-83.17155,1737.551093,23.83136897
0,-6.7077107,-506.85278,198.73071,0.436035156,0.006835938,16.782194,202.36484,0.000514399,49.582817,-87.2069,1618.22681,24.65679282
0,-2.6953342,-522.4907,240.5021,0.157714844,0,14.295627,175.96324,0.000386452,57.402874,-100.62877,1326.593507,23.8272701
0,-4.253406,-423.2936,217.31976,0.397949219,0.008300781,27.037773,266.2098,0.000860807,48.89867,-85.615814,1539.685628,24.118336
0,-2.6389892,-510.00253,215.93047,0.419433594,0.010253906,18.486355,218.07709,0.000622918,49.178635,-86.10729,1497.607564,23.69407034
0,-2.9410753,-509.31747,211.285,0.346191406,0.005859375,23.352919,248.59018,0.000640157,53.26305,-93.62668,1406.786063,23.78799794
0,-1.7458957,-540.5054,231.76086,0.299804688,0.00390625,11.503276,160.66219,0.000542202,54.17286,-94.61752,1306.993902,24.32471688
0,-3.8751862,-491.71396,209.6463,0.220703125,0.010742188,19.708502,208.6161,0.000488422,52.423725,-91.88608,1369.959294,24.84820935
0,-3.115248,-501.97684,206.20169,0.428222656,0.008300781,13.802011,178.28513,0.00048238,54.89764,-96.60324,1301.199622,24.55203978
0,-1.5123299,-514.3728,222.75412,0.339355469,0.008789063,6.3614516,106.916626,0.000665007,45.179607,-79.24682,1236.265085,23.65145966
0,-4.234441,-435.95053,212.58527,0.302734375,0.007324219,18.918661,208.16998,0.000357502,58.945908,-103.59434,1587.241979,22.48906196
0,-3.57658,-455.81366,213.34927,0.28125,0.0078125,11.792319,164.39577,0.00038228,52.404392,-92.05582,1381.652141,23.98493502
0,-3.1854706,-533.8766,222.9528,0.389648438,0.0078125,23.944534,244.39185,0.000503431,52.11313,-90.863754,1565.084784,22.94618395
0,-5.7458215,-498.85965,194.5733,0.407714844,0.010742188,10.82563,166.07332,0.000650494,42.097805,-73.4789,1734.181145,24.38156359
0,-3.101757,-500.86298,216.80867,0.466796875,0.009277344,24.01755,255.50064,0.000947872,40.924057,-71.65737,1847.135019,23.23676244
0,-5.0854955,-562.05676,224.70523,0.478027344,0.009277344,18.934748,217.64926,0.000392128,55.587776,-97.419235,1456.821276,23.50472359
0,-3.828099,-481.41196,213.26176,0.350097656,0.006835938,14.740232,186.53496,0.000415283,49.40351,-86.312675,1346.145742,23.10764047
0,-3.2892992,-519.96497,226.07463,0.5234375,0.004394531,4.104831,93.26586,0.000397815,46.763172,-81.83128,1341.168502,22.84894224
0,-5.3401623,-560.8517,222.2799,0.29296875,0,26.832132,242.44534,0.000621123,62.567486,-110.477554,1397.44055,22.2638838
0,-8.228843,-544.75916,196.84406,0.365722656,0,21.605623,229.97092,0.001090755,58.701664,-102.85815,1622.666857,25.36431037
0,-5.978235,-532.158,217.75488,0.405761719,0.002929688,18.351942,214.68945,0.001088777,56.524147,-98.825806,1637.274095,25.29821891
0,-7.558861,-515.0934,199.20337,0.323242188,0.00390625,17.60131,192.7799,0.000939594,63.933987,-112.46111,1590.089163,25.59847006
0,-7.3514223,-562.5971,209.29904,0.426757813,0.001464844,12.633807,169.94205,0.000922603,64.8644,-114.13691,1475.284165,25.38935434
0,-4.4848466,-474.49524,198.63837,0.446777344,0.007324219,30.869871,276.27997,0.000703426,50.100845,-87.59188,1919.340227,23.21243076
0,-4.5351267,-454.8974,189.9065,0.514160156,0.001953125,11.283706,148.94742,0.000826934,41.039455,-71.28731,1664.75936,24.21589919
0,-6.2583027,-450.3829,190.94238,0.452636719,0.014160156,16.551685,189.9806,0.000780018,51.121845,-89.376305,1916.311541,24.35889445
0,-5.878808,-475.86707,175.22562,0.361816406,0.013671875,13.816602,192.70128,0.000750486,46.06443,-80.31113,1776.276519,24.7952751
0,-6.0284758,-442.19415,146.08328,0.494140625,0.012695313,7.768889,144.91231,0.00100596,41.107414,-71.953735,1957.429792,24.92574211
0,-7.858187,-503.30746,187.95914,0.521484375,0.004394531,16.737839,214.773,0.000910847,37.11315,-64.4518,1836.626379,25.51829395
0,-5.564252,-479.15082,195.99518,0.435546875,0.001953125,4.681833,91.55104,0.000636991,45.210262,-78.966446,1510.203616,25.23613496
0,-3.492562,-468.31564,188.55188,0.371582031,0.001953125,3.71395,80.97423,0.000390028,49.1064,-85.396866,1377.278111,25.11569268
0,-5.3248396,-496.12973,172.09772,0.491210938,0.000488281,4.7702913,102.746376,0.000507174,43.60717,-76.05063,1444.700773,25.454667
0,-4.9921637,-470.79617,169.52708,0.278320313,0.002929688,2.1540198,55.337246,0.000430926,44.706226,-78.02005,1253.863019,25.96762799
0,-6.945941,-523.4749,199.1238,0.372070313,0.009277344,12.345916,152.02022,0.000836322,39.64442,-69.1326,1527.977664,23.63115593
0,-9.2880125,-539.2246,188.53497,0.458007813,0.004882813,9.767234,129.25629,0.001223668,48.59638,-85.67737,1538.577483,23.98789151
0,-8.190896,-526.6997,211.62334,0.40625,0.0078125,11.326169,159.32161,0.001273208,49.752342,-86.75627,1549.278404,24.07350028
0,-7.48312,-479.68518,197.67804,0.517089844,0.000488281,8.7934885,147.55019,0.00067496,47.12253,-82.44791,1555.452306,23.83973319
0,-6.2659397,-479.02112,200.06482,0.453125,0.003417969,7.403919,141.44997,0.000616389,49.499203,-86.71798,1647.680502,24.44988884
0,-9.091194,-529.97064,196.45436,0.341308594,0,8.471877,126.92048,0.000400249,54.67649,-96.99698,1437.987362,23.99714505
0,-8.968901,-528.0158,170.39873,0.353027344,0,4.438144,77.62284,0.000711997,51.957092,-91.570526,1383.36169,25.10265438
0,-11.286406,-528.84485,180.63068,0.445800781,0.009277344,3.94525,68.86961,0.001259176,45.50103,-79.801796,1538.407415,26.25405959
0,0.002940638,-475.6769,206.72842,0.384765625,0.001953125,25.033155,249.13927,0.000468086,58.9877,-103.530075,1655.551592,23.04523344
0,0.13191636,-443.82336,194.35657,0.405273438,0.003417969,16.650272,203.68494,0.000381456,49.388317,-86.49947,1580.154445,23.4053885
0,-4.2907033,-526.6156,214.32062,0.420410156,0.006835938,24.223787,254.20058,0.000650378,47.819736,-83.455376,1693.49769,23.19567361
0,-2.0771868,-482.66476,180.99947,0.427246094,0.00390625,12.338039,177.74886,0.000652399,43.127945,-75.16293,1888.535213,24.24050576
0,0.93642735,-351.91916,204.08835,0.41015625,0.0078125,25.80457,268.1523,0.000494293,45.59359,-79.66324,1802.496515,23.44182496
0,0.11137803,-479.46216,190.45044,0.372070313,0.008300781,15.559442,200.45699,0.000293914,49.40103,-86.29559,1685.515073,23.17791091
0,-1.4048805,-508.06787,216.54343,0.348632813,0.001464844,13.141456,170.78178,0.000332787,57.196865,-100.368324,1482.770633,23.23900263
0,-3.6155558,-484.75104,198.71115,0.329589844,0.0078125,15.751353,198.38184,0.000494331,51.65376,-90.44372,1560.413129,23.15303639
0,-1.2139558,-533.98706,208.52698,0.491699219,0.007324219,9.253391,147.44946,0.00046715,47.264732,-82.377014,1504.471685,23.59591608
0,-13.631528,-531.79803,142.01154,0.40625,0.021484375,34.222187,305.41275,0.001685982,64.52117,-115.18899,2251.779099,25.26176235
0,-11.384677,-526.6967,141.57384,0.4453125,0.014648438,38.362537,315.81708,0.001917173,49.455025,-86.715195,2326.573078,24.76581528
0,-10.636838,-541.36206,181.25293,0.401367188,0.009277344,21.390226,230.71342,0.000980044,62.91694,-111.748825,1835.607636,24.8914973
0,-9.292812,-464.37915,177.5917,0.465332031,0.014648438,23.713106,247.81483,0.001135118,57.46927,-100.65442,2010.902234,25.36957326
0,-12.365676,-569.72986,187.21841,0.395996094,0.006835938,26.76274,264.5694,0.001477022,50.33564,-88.428406,2018.185649,24.53659326
0,-7.104414,-443.5901,150.87973,0.385253906,0.001464844,27.147303,273.41586,0.001016024,45.67104,-79.69769,2127.075759,25.06897132
0,-9.726822,-490.6419,157.06177,0.468261719,0.014648438,27.36858,273.35153,0.001032335,46.81815,-82.03402,2262.960034,25.07569019
0,-8.230662,-490.27368,152.22543,0.441894531,0.014160156,22.558754,252.26976,0.001162704,46.756634,-82.08865,2088.411784,24.70630529
0,-8.0168495,-449.31104,139.26317,0.466308594,0.015625,23.815638,252.92276,0.001103166,47.31499,-82.86273,2194.9248,25.38105821
0,-10.462905,-466.4828,164.53195,0.36328125,0.018066406,24.225609,242.93987,0.001207089,53.785328,-94.6161,1862.153195,26.44077729
0,-10.831782,-517.2273,175.47284,0.382324219,0.014160156,21.450035,236.00357,0.00078304,51.702557,-90.34214,1956.597517,25.64560491
0,-9.932962,-480.5765,152.14847,0.463867188,0.014648438,29.812397,284.0623,0.000929873,51.20355,-89.84954,1968.25925,25.57205941
0,-10.506058,-527.6284,145.52109,0.489746094,0.013671875,37.15993,313.34723,0.001100935,46.81594,-82.10915,2079.269983,24.68307153
0,-10.314893,-500.79187,143.46793,0.528808594,0.012695313,20.09653,230.8719,0.001218315,48.70449,-85.90284,2013.219265,25.83273964
0,-7.6892486,-456.9364,207.59889,0.091655344,0.016601563,22.652405,231.27695,0.000941815,50.643456,-88.615524,1755.085527,25.38347844
0,-11.8756485,-535.1792,178.04071,0.084062154,0.00390625,23.939617,231.05133,0.00258602,50.552578,-88.606026,1856.080376,23.71105675
0,-13.118253,-573.11035,222.20369,0.122735305,0.012695313,44.46996,332.41516,0.001591155,47.60549,-82.92994,2155.743829,23.8079479
0,-16.062624,-545.55286,193.00276,0.080411044,0.012695313,19.9456,203.705,0.001433763,51.677578,-90.50894,1848.011955,25.0045468
0,-10.774445,-521.80914,208.63083,0.106230732,0.005859375,34.898937,298.18402,0.001679578,47.340126,-83.18844,1995.318216,23.21919699
0,-10.45941,-472.46118,198.82257,0.107165948,0.005859375,28.158003,261.8604,0.001646813,49.441147,-86.56237,2022.360541,23.70952323
0,-13.221335,-527.8419,171.1257,0.140251965,0.012695313,38.147873,313.8295,0.004129771,44.96906,-78.66138,2474.095701,24.20282943
0,-13.730746,-580.702,195.44318,0.094311858,0,20.04049,205.56607,0.001178158,49.1537,-86.08803,1916.355134,24.33963286
0,-11.559978,-513.5005,184.36942,0.085154464,0.009277344,16.051445,195.33076,0.000975888,42.8122,-74.90449,1871.645424,23.68342732
0,-6.893468,-522.97314,166.89351,0.135021617,0.007324219,36.389114,314.35974,0.002313679,41.2046,-71.85068,2280.332898,24.69267816
0,-6.9310913,-499.60202,193.38922,0.089226045,0.006835938,21.78596,229.44017,0.001558151,39.121136,-68.14713,1867.050938,23.81239414
0,-8.257854,-526.1455,193.7493,0.088970762,0.011230469,19.702175,233.68948,0.000909437,53.505123,-93.6897,1918.205939,23.08441553
0,-7.1243925,-543.6256,206.13889,0.075219383,0.006347656,15.820885,191.13869,0.001676605,51.007423,-89.353935,1669.366006,22.51875828
0,-8.9232435,-507.38095,187.63516,0.091827393,0.005859375,22.10647,226.94704,0.001675034,47.46402,-82.61615,1928.702393,22.95880947
0,-6.976649,-529.2127,177.23233,0.108540595,0.00390625,32.992996,277.62982,0.001930177,39.22813,-68.06833,1992.396226,23.62760817
0,-4.420502,-467.4523,176.96751,0.105372061,0.002929688,26.311302,247.94958,0.00186728,46.52901,-81.69813,2082.557435,23.23285889
0,-5.6843204,-521.404,168.2052,0.103142851,0.003417969,26.0808,238.02591,0.001359291,37.990166,-66.3661,1907.642065,24.03670682
0,-4.0487323,-464.42944,192.81383,0.103083995,0.007324219,23.700066,242.17874,0.00163681,42.392746,-73.77591,1977.830111,23.58918382
0,-4.55859,-460.3688,203.83723,0.123465922,0.006347656,21.416769,236.86238,0.001626325,34.929485,-60.43291,2216.30805,24.05691195
0,-7.5067058,-507.89774,197.24484,0.070560397,0.005859375,14.7901125,179.44028,0.000648365,44.592686,-77.747765,1601.549702,24.21154607
0,-5.1610537,-495.9634,183.0984,0.082001785,0.008300781,13.373285,168.38881,0.001002284,40.179497,-69.57,1656.675919,24.95975225
0,-9.409104,-537.68994,185.31163,0.076580761,0.005859375,16.43853,190.23807,0.000932538,45.837666,-80.41935,1714.869673,24.9010981
0,-8.425185,-535.9847,176.28214,0.103537167,0.0078125,30.678873,267.1608,0.001718675,46.84322,-81.70399,2046.061046,23.99397371
0,-10.23672,-567.5732,169.27515,0.096055039,0.006347656,23.65792,224.79126,0.001488216,40.19774,-69.56856,2020.266477,24.17978032
0,-12.692734,-563.9079,160.74222,0.115048363,0.004394531,24.161287,235.30458,0.002214625,38.486443,-66.36376,2290.855749,23.91317555
0,-8.092695,-513.87744,188.1199,0.099901033,0,10.188572,156.49721,0.001765854,43.065525,-74.61273,1944.591457,25.07758027
0,-7.3722477,-538.424,177.22522,0.10303766,0.005371094,17.014704,204.24318,0.00170447,37.11073,-64.17641,1946.273178,23.73132548
0,-10.449584,-538.2577,176.65872,0.107872079,0.003417969,24.835884,234.0653,0.001344854,42.121494,-73.687515,1993.74583,24.59852017
0,-9.781424,-528.64594,178.25089,0.092381212,0.000488281,16.845556,201.8729,0.001649948,37.052055,-64.16467,1874.863495,23.54980716
0,-7.397225,-526.4322,186.5735,0.073131633,0.001464844,11.992082,163.72754,0.00151487,35.9862,-62.364998,1693.276193,24.09863884
0,-6.302564,-530.85114,195.37845,0.12619407,0.013183594,47.34604,343.9544,0.001694923,42.87556,-74.646996,2262.404282,23.71271604
0,-4.514115,-535.91907,192.5343,0.105938606,0.008300781,24.202055,243.79149,0.001176058,37.133984,-64.43087,2174.292249,23.69293308
0,-6.878501,-501.90588,183.79576,0.118711959,0.009277344,29.636353,279.22568,0.001885607,43.58778,-75.921906,2139.351234,24.00283301
0,-5.0713425,-528.07697,184.55608,0.127554087,0,17.384298,212.52226,0.001511518,38.328503,-66.51974,2169.536211,24.17173134
0,-5.22931,-498.1951,174.66182,0.157756805,0.022949219,38.77856,325.99515,0.002206715,38.59486,-67.03776,2619.491329,24.31548842
0,-11.8987055,-499.9991,181.39789,0.125069754,0.013671875,43.65719,318.9065,0.002605743,45.63602,-79.36323,2099.694711,24.20097242
0,-15.012956,-545.77423,173.64789,0.129713644,0.018554688,44.01775,330.33887,0.001704216,45.00492,-79.21558,2280.790999,24.63217514
0,-11.141108,-520.87616,185.46028,0.115370009,0.019042969,35.221474,285.12515,0.001412225,39.0243,-67.870895,2084.473922,24.20170324
0,-11.606294,-534.1878,179.33458,0.101303499,0.016601563,27.275837,244.37729,0.001198253,47.44625,-82.96893,1859.975223,25.24867637
0,-16.316303,-589.7346,185.97366,0.129769498,0.013183594,35.926758,300.2779,0.002130992,48.46645,-84.46809,2232.218779,24.58834053
0,-12.274125,-504.0064,161.93738,0.108961839,0.017089844,21.442486,236.33398,0.001227786,42.02672,-73.14972,2035.667213,26.1684712
0,-11.571395,-526.66266,173.03479,0.131383947,0.013183594,24.48816,255.07358,0.002438163,44.92814,-77.974594,2297.80126,25.16349017
0,-10.4431305,-534.98126,179.23523,0.102220735,0.021484375,25.174097,243.18132,0.001275336,43.667183,-76.03128,2039.906975,25.5420562
0,-12.850024,-543.29175,178.6442,0.113583338,0.002441406,30.499569,270.71777,0.00124472,49.907455,-87.639984,2056.645018,24.94344601
0,-15.1895895,-534.47253,163.96448,0.109147735,0.016113281,25.904215,254.07039,0.001747894,48.36203,-85.38308,2011.461208,25.23167856
0,-13.34118,-562.729,177.95499,0.089615417,0.016601563,21.407967,230.51692,0.001505917,44.889736,-78.52685,2001.152086,25.84159384
0,-12.171091,-547.93146,151.02838,0.134600361,0.024414063,33.786064,282.8044,0.001761167,47.97506,-83.6331,2306.418411,24.05851184
0,-11.452587,-529.25726,173.29211,0.124669584,0.014648438,38.621845,314.69235,0.001432426,48.00532,-83.74892,2203.591539,24.17473494
0,-6.576494,-535.289,182.94482,0.111188616,0.013671875,33.749237,284.06454,0.001218414,46.408447,-80.79183,2144.607423,23.79238623
0,-15.153445,-581.053,164.64265,0.113913614,0.021972656,27.873106,266.065,0.001630457,51.169037,-89.15251,2194.087208,24.28537157
0,-12.187007,-547.8238,194.90668,0.096099854,0.005859375,23.337677,237.86667,0.001578356,41.874817,-72.7021,1876.201676,24.44104554
0,-11.927734,-496.39865,153.01205,0.097075974,0.016113281,28.414938,268.65036,0.000982721,47.121597,-82.059586,1999.051941,23.82109662
0,-11.04043,-579.37537,151.90335,0.115281196,0.014648438,35.666264,305.70718,0.00124045,46.832348,-81.55028,2288.859455,23.17296156
0,-9.152014,-485.9299,182.48978,0.121140053,0.013671875,34.602882,305.0809,0.002900124,36.61109,-63.4504,2300.691594,24.05733431
0,-10.070931,-529.53467,158.81479,0.088240914,0.008789063,30.937511,275.42804,0.001241284,45.27985,-79.11361,1843.988011,23.44178005
0,-9.893266,-518.79755,171.54391,0.088769531,0.010253906,21.590025,230.78171,0.000979883,42.795647,-74.48208,1986.822609,23.97843849
0,-11.395915,-483.08633,147.62541,0.071912977,0.013183594,10.562321,163.29488,0.000973512,41.949093,-73.182465,1744.216229,25.2208097
0,-5.7467895,-575.91766,165.18536,0.11663902,0.000976563,49.283333,354.49606,0.000795378,52.664135,-92.49815,2064.344128,22.70800871
0,-6.7343206,-550.3999,208.10916,0.1359375,0.002929688,43.14204,338.798,0.001823711,38.98101,-67.63355,2334.387908,22.92659065
0,-9.303222,-522.4889,197.61325,0.120532011,0.006347656,35.030167,308.52448,0.001394649,48.01025,-84.142395,2126.097868,24.49782769
0,-6.3449154,-520.3164,124.3398,0.168492414,0.020507813,32.860092,305.0752,0.00193449,40.77794,-70.816605,2736.184034,24.52517179
0,-5.296415,-534.9581,181.23456,0.137367467,0.020507813,26.456799,267.23972,0.001747254,37.609646,-65.06824,2338.509026,23.72180015
0,-7.0088315,-512.0014,181.77136,0.140386285,0.023925781,47.59911,351.6605,0.001295227,43.20789,-75.1559,2264.963327,24.16291378
0,-3.6138706,-523.55743,170.25674,0.103045597,0.003417969,21.83052,234.46263,0.001027041,42.94595,-74.716095,2146.040245,24.01749225
0,-1.2920904,-507.5466,174.62764,0.09112123,0.010742188,30.444715,278.34232,0.000799488,47.576633,-82.59952,1931.196083,23.58593687
0,-4.600226,-521.641,218.08714,0.109640682,0.006347656,34.763004,294.5914,0.001057415,49.30074,-86.36836,1939.339088,22.50982164
0,-4.651661,-518.7883,208.9487,0.099729567,0.005371094,28.941174,274.91486,0.001047536,43.829548,-76.78358,1946.805248,22.35993771
0,-10.866701,-571.12897,200.64198,0.089654268,0.012207031,16.523851,182.64983,0.00133757,53.389805,-92.98166,1698.241587,23.90783136
0,-7.5669103,-539.50977,201.28546,0.101895771,0.016113281,29.832699,279.4845,0.000843437,51.58339,-89.83222,1938.338568,23.89502721
0,-12.15334,-551.20355,173.9499,0.118830983,0.015136719,19.63169,225.18503,0.001660817,46.68366,-81.35616,2034.210948,24.79281543
0,-6.7703123,-580.7437,200.80777,0.107310902,0.01171875,33.084286,299.87933,0.001103142,49.926266,-87.55371,1941.535658,23.9878488
0,-5.4736257,-523.4939,196.11205,0.093917282,0.002929688,18.936722,206.35912,0.000970528,44.520042,-77.4757,1919.400271,23.58814202
0,-8.632033,-577.7204,205.91978,0.077840169,0.013183594,18.549257,209.97821,0.000929629,48.411667,-84.38638,1725.000221,23.17172847
0,-5.0440016,-505.36407,204.444,0.083767873,0.013671875,12.41007,175.45909,0.000874781,37.660133,-65.814125,1824.401558,23.16068579
0,-6.6159096,-505.12595,194.58527,0.076221857,0.006347656,11.3740635,170.29626,0.000793024,38.40587,-66.88671,1895.42676,23.46073716
0,-4.800121,-464.05246,176.45198,0.102308741,0.03125,32.8312,283.12173,0.001143168,54.757233,-95.618,2023.202509,22.84030656
0,-6.630127,-541.6335,185.06906,0.104823521,0.004394531,37.875336,309.30322,0.001357818,50.7746,-88.24909,2047.302251,23.0197093
0,-6.474415,-442.77774,201.50491,0.105262756,0.027832031,28.46615,259.41895,0.001669831,51.74349,-90.683205,1977.051287,23.46995776
0,-3.179095,-600.28265,206.12094,0.080078125,0.015625,23.528439,239.094,0.000896934,50.69498,-88.4579,1926.569206,22.69055574
0,-6.6713376,-650.6432,214.29526,0.059086595,0.000488281,14.786799,178.72336,0.000802426,58.585453,-102.57451,1513.667196,22.65793924
0,-8.627822,-515.47754,190.53235,0.090104537,0.010253906,22.41536,232.98053,0.001514431,52.846176,-92.28953,1897.270132,24.25287219
0,-9.555779,-582.3493,194.15509,0.105519014,0.007324219,32.827038,284.42023,0.001668713,43.167126,-74.78429,2098.592383,23.1810086
0,-4.6071334,-504.419,169.069,0.097640991,0.0078125,18.294579,205.93484,0.001037489,38.95776,-67.22711,2016.379143,23.02719421
0,-5.328962,-518.9481,173.75433,0.111638849,0.0078125,18.966875,203.30696,0.001363067,37.229824,-64.51458,2011.627359,23.62557835
0,-3.6026423,-483.96167,198.60454,0.092777473,0.00390625,18.998375,224.54652,0.001200827,40.82033,-70.87615,1762.607486,24.1067175
0,-6.162617,-485.84296,196.7746,0.125178019,0.002929688,25.028057,255.51442,0.00142473,40.82531,-70.815414,2141.576497,24.19681135
0,-4.6715503,-451.02942,183.93024,0.072962194,0.008300781,9.537417,130.4064,0.001086873,42.602764,-73.96845,1704.068417,23.54770335
0,-2.9082232,-465.86774,153.03195,0.076906384,0.001953125,17.561958,204.69473,0.00090017,41.006474,-70.97452,1804.164904,23.28131675
0,-7.661668,-498.555,172.92722,0.110519181,0.001953125,28.22498,261.24033,0.001747836,39.219463,-67.76159,2062.657796,22.85649225
0,-11.252137,-528.6453,178.57767,0.121917269,0.030761719,26.348694,251.10406,0.002180264,47.32625,-82.5033,2092.229289,24.56674139
0,-11.010532,-543.5771,167.54877,0.101843882,0.019042969,20.7843,218.67555,0.001503403,44.549755,-77.80395,2019.094722,24.30711601
0,-9.342556,-499.8127,152.54813,0.128196716,0.01953125,33.115814,280.11667,0.00150683,44.455395,-77.75035,2219.626774,24.41886988
0,-8.366022,-517.4837,193.64148,0.120618548,0.016113281,23.439245,243.10187,0.001502398,42.6515,-73.97624,2143.901044,23.81213998
0,-11.788817,-548.79364,156.94577,0.124089645,0.003417969,34.830193,298.00714,0.002462384,43.083473,-74.854706,2085.304189,24.08072382
0,-11.366196,-516.2558,142.96179,0.11210718,0.020996094,9.395498,151.0762,0.001949335,34.903152,-60.509464,2178.561022,23.16493671
0,-11.551669,-514.8136,140.39757,0.136622061,0.004394531,22.135107,242.46822,0.002188805,45.068867,-78.50717,2339.494291,24.76315129
0,-12.150431,-556.3374,152.73232,0.113821138,0.005371094,18.71204,198.6934,0.001347623,47.46199,-83.15218,2212.545246,23.75041687
0,-12.123202,-588.98975,173.4295,0.110396834,0.004882813,19.950064,211.6327,0.00128501,48.923115,-85.867775,1978.865155,24.14581445
0,-9.464787,-487.4438,160.71329,0.100344263,0.014160156,20.063936,217.08398,0.001000474,44.0678,-77.075,1820.618863,24.83312464
0,-9.686286,-397.31247,174.15173,0.079130285,0.017089844,13.037025,168.7233,0.000946622,46.41165,-81.462135,1744.762223,24.88345325
0,-9.632279,-506.683,180.15419,0.103747856,0.010253906,29.42695,267.8678,0.001006985,52.359055,-91.368614,2139.88211,24.05479696
0,-4.839808,-550.64825,184.86581,0.110802759,0.008300781,21.44792,222.97125,0.001245316,45.604946,-79.210625,2102.904206,24.28638025
0,-4.8826427,-493.21616,190.42891,0.089813232,0,18.412975,194.0705,0.00061586,49.469727,-86.13867,1910.509108,24.46075536
0,-9.211474,-462.44083,164.82028,0.120674329,0.015625,20.517052,227.54448,0.0015629,45.531506,-79.2094,2192.064578,25.45735372
0,-8.556849,-533.8042,184.91626,0.114826202,0.007324219,27.413956,267.776,0.001435827,50.370853,-87.51476,2199.355352,24.63964014
0,-0.01082935,-412.20325,176.92886,0.126366331,0.011230469,26.140274,262.13638,0.000637847,42.00397,-72.84135,2222.269126,23.74363599
0,-6.468301,-519.72845,180.84254,0.102511161,0.014648438,26.970871,262.21765,0.001151415,50.61392,-88.12024,1969.056247,24.72641893
0,-9.724513,-566.9901,162.53458,0.099925648,0.012207031,24.17778,243.56754,0.001236972,54.539448,-95.135826,2054.098189,25.58053978
0,-15.586429,-595.2924,138.52277,0.129814148,0.005859375,25.120203,247.90067,0.002272715,47.659943,-83.67311,2281.838483,25.8406633
0,-13.568056,-570.7917,179.65558,0.151195313,0.032226563,48.25891,359.6456,0.002953379,47.28399,-82.59431,2575.612282,25.45438727
0,-12.516556,-516.32385,102.8905,0.163243273,0.027832031,35.138603,310.20044,0.003343505,44.40734,-76.785576,2673.542741,25.0856291
0,-14.215334,-550.33673,133.9426,0.141815655,0.009277344,52.639156,362.39816,0.002096436,56.859158,-99.97196,2356.786339,25.47954977
0,-14.713614,-522.0757,138.89174,0.121301006,0.024902344,32.0559,278.91815,0.001944694,55.229603,-97.54006,2243.260389,24.75161103
0,-15.862796,-586.7525,127.48267,0.143247454,0.032714844,41.651787,326.4314,0.002326539,55.236168,-97.3144,2443.575393,25.8006767
0,-12.838183,-511.1041,137.32544,0.120008196,0.022949219,39.539856,317.82037,0.001746939,47.35967,-83.45683,2281.370632,24.78164621
0,-9.845324,-586.81696,201.81943,0.094571742,0.004394531,32.230663,272.51755,0.001159849,57.560616,-101.233635,1851.787049,23.01129494
0,-12.997082,-507.02832,166.26076,0.10116963,0.015625,23.34241,236.9644,0.001352952,44.41255,-77.053474,2073.10201,24.41846876
0,-12.643791,-550.92377,174.56657,0.108708562,0.008300781,37.43473,292.30078,0.001722101,52.61957,-91.94597,1867.954296,23.40383876
0,-9.341894,-513.6055,193.89763,0.109127321,0.003417969,32.297554,288.78323,0.001619435,43.18179,-75.21975,2055.991548,23.50303633
0,-9.720987,-503.3049,166.37193,0.117580248,0.017089844,19.283201,222.70825,0.001864489,40.70659,-70.61549,2173.663137,24.40996097
0,-12.479301,-543.1775,166.82184,0.119601268,0.010742188,22.337204,238.74028,0.001682352,46.22757,-80.90344,2267.7932,25.68147874
0,-8.407957,-487.32043,183.8344,0.109006396,0.008300781,27.87338,271.77167,0.001618256,47.61904,-83.32465,2035.766021,24.04711824
0,-4.9928665,-459.49762,190.15636,0.074355469,0.000976563,19.561012,225.38976,0.001339127,43.035614,-75.23571,1656.421989,22.70555824
0,-7.7206597,-523.8271,188.62698,0.072746931,0.002441406,10.286128,143.61058,0.001555867,33.420437,-57.74453,1592.535584,24.67268461
0,-10.462399,-518.29724,164.31451,0.070575421,0.000976563,12.981136,153.85165,0.001246782,44.163593,-77.56997,1578.93233,25.36841278
0,-9.901796,-531.90247,197.18721,0.084126487,0.006347656,18.446596,221.26178,0.001524052,46.56562,-81.56213,1778.436574,25.11944336
0,-10.079219,-499.8614,160.52501,0.097012868,0.001953125,12.120446,174.90512,0.002233845,38.708485,-67.11629,1877.447445,25.68750174
0,-9.226628,-528.0581,175.67116,0.10368447,0.001464844,20.071844,234.4428,0.001692719,39.424297,-68.30772,1949.214806,24.6983775
0,-9.8980875,-492.83038,175.65909,0.124027917,0.001953125,25.72515,267.56357,0.002301048,40.25946,-69.51971,2072.0856,25.1658463
0,-10.022141,-513.1528,196.93826,0.088057454,0.001464844,19.280859,211.73047,0.001267922,46.53423,-81.58842,1865.858351,25.42777096
0,-13.458349,-586.6043,167.88522,0.078970102,0.002441406,16.106855,186.37386,0.001112626,51.16003,-90.04735,1717.994482,24.93929182
0,-12.099296,-557.50916,160.22787,0.077762858,0.001464844,19.373693,216.53989,0.001663727,43.503788,-75.210014,1748.870091,26.12487914
0,-10.1180525,-493.14194,164.60184,0.072945568,0.000976563,14.265164,178.46826,0.001437382,42.43799,-74.034294,1790.270166,25.24775946
0,-15.255096,-600.52655,137.34402,0.134988133,0.021484375,46.76828,348.96918,0.003841639,67.69471,-120.026596,2342.765634,26.70124388
0,-18.005018,-628.4943,151.7353,0.092292786,0.019042969,25.723894,256.6609,0.001801195,73.30807,-129.2773,1922.484354,25.68950457
0,-14.161451,-536.724,136.32935,0.122066722,0.00390625,33.3898,292.69205,0.001721903,62.544716,-110.66954,2224.703139,26.09175086
0,-14.034344,-516.7513,162.13055,0.100336675,0.019042969,29.149334,262.59818,0.001194205,56.299896,-98.9942,2005.111447,25.47156253
0,-10.299158,-544.1509,175.61188,0.103833748,0.006835938,28.455545,261.26727,0.001713001,44.039146,-76.68422,2035.800515,23.74790167
0,-10.49328,-545.3043,196.4064,0.092270581,0.000488281,16.537134,176.53752,0.001244331,49.69813,-86.96257,1721.862653,24.97558461
0,-7.7528353,-512.35815,173.46211,0.109909784,0.006347656,28.48288,268.17996,0.001701576,43.313824,-75.24313,1860.372534,24.60489235
0,-8.353659,-521.49414,177.58533,0.088088989,0.002441406,19.753862,213.01743,0.001441363,42.101265,-72.75309,1668.923082,24.5546348
0,-12.018448,-571.391,184.76315,0.097326502,0.010742188,19.23459,207.14388,0.001914841,42.534153,-73.93862,1847.168059,23.78768782
0,-12.865992,-552.6573,176.96991,0.084681069,0.001464844,24.726728,219.12079,0.001702817,55.63669,-96.87815,1659.707326,23.32532864
0,-11.119424,-531.4594,192.60083,0.111446206,0.002929688,25.65122,253.33498,0.001506784,48.33207,-84.561295,1945.304204,23.32537856
0,-13.056343,-555.47943,199.8778,0.107591337,0.001953125,26.088264,249.3468,0.002360537,45.833794,-79.73358,1914.673451,24.37027604
0,-9.949346,-569.8512,198.91269,0.111504082,0.009277344,29.492907,273.18347,0.001383841,47.111668,-82.028145,1970.587966,23.83363574
0,-7.61228,-555.4897,200.08716,0.099772135,0.0078125,23.066656,213.03305,0.001551218,44.287212,-76.8371,1926.183883,23.73665377
0,-9.1636,-530.97473,199.15973,0.098594342,0.014648438,23.921747,227.03525,0.000552644,50.243164,-88.0594,1731.879995,23.54631295
0,-9.400272,-534.27655,202.11664,0.07627624,0.012695313,21.615389,213.63383,0.000871699,54.184387,-95.1052,1640.42457,23.4207478
0,-13.090347,-598.0115,180.32663,0.081338011,0.008300781,43.02724,320.28204,0.001369652,68.547775,-120.75311,1764.584552,23.99513206
0,-9.540476,-556.4489,204.2479,0.077001612,0.001464844,26.429665,241.60991,0.00151874,60.158997,-105.08634,1636.16644,24.03811815
0,-13.209291,-541.66046,133.92029,0.102021008,0.015136719,15.022744,177.46439,0.002511947,43.726448,-76.493515,2044.338729,25.5022622
0,-11.109423,-537.1826,161.98941,0.102756076,0.008789063,31.30148,276.5483,0.001569362,58.303932,-102.59126,2002.325627,25.36508669
0,-12.929418,-512.9369,149.62073,0.099406453,0.014648438,12.9008875,159.80356,0.001441936,52.919125,-93.18481,1782.964542,25.35920015
0,-13.413722,-544.1954,139.32983,0.127806214,0.008300781,16.25593,202.00323,0.001796375,47.448166,-83.662926,2077.306982,25.51135298
0,-9.099349,-461.6034,165.23563,0.114733244,0.015625,18.181381,210.17847,0.001771832,42.50657,-73.78972,2046.743504,24.85657857
0,-10.400137,-519.6194,183.16011,0.090033819,0.013671875,20.728975,214.8611,0.000817155,48.767784,-85.57807,1758.445232,24.93302227
0,-11.235676,-557.8422,187.07355,0.094580078,0.011230469,21.486074,220.92133,0.001405681,52.323322,-92.25283,1932.506656,24.97622397
0,-10.45765,-512.3653,180.3359,0.087240896,0.009277344,20.97112,220.32784,0.001211207,50.10218,-87.80289,1801.045323,25.12669798
0,-7.8865385,-509.251,167.03271,0.070148468,0.005371094,13.303136,167.89752,0.00071517,48.564445,-85.16276,1599.883841,25.10768608
0,-10.871186,-541.136,158.08463,0.075736097,0.014648438,20.53138,216.53575,0.000877773,49.676476,-87.36385,1701.74475,25.86088916
0,-12.846976,-559.0359,149.4151,0.086713399,0.000488281,19.457685,210.59288,0.001599724,54.3065,-95.78369,1883.30998,24.17559053
0,-14.354516,-583.097,162.33328,0.126670619,0.008300781,23.966036,245.66791,0.002432069,48.003643,-84.222275,2183.89021,24.04993287
0,-15.233808,-599.09454,170.82794,0.131684028,0.022949219,25.816603,252.54424,0.002684642,52.990467,-93.16754,2318.61675,24.21977106
0,-12.322031,-574.5605,179.9607,0.104155816,0.018554688,13.877306,177.11252,0.00177557,47.884407,-83.69126,1913.239309,24.54165605
0,-14.41993,-569.6463,165.52313,0.118964668,0.005371094,17.192131,212.64809,0.002229024,46.800663,-81.965836,2124.96028,24.66864533
0,-14.5877495,-575.86975,137.63068,0.123548473,0.010742188,19.336761,222.71115,0.002223996,53.793346,-94.91595,2117.812473,25.04679246
0,-12.501953,-571.6191,158.40018,0.121161236,0.005371094,35.266758,282.0662,0.001569753,52.74672,-93.14048,2225.537092,24.37847521
0,-15.177494,-547.37866,132.04237,0.095120771,0.002441406,32.63027,277.72195,0.001990983,57.60894,-102.01931,2016.139927,24.58668716
0,-12.881729,-586.3945,164.02127,0.115578235,0.005371094,44.000088,328.0967,0.002380553,59.537,-104.285965,2048.859434,23.76094807
0,-10.070996,-556.4431,182.48932,0.098194611,0.013671875,24.13492,230.61218,0.001842004,53.48498,-93.24511,2049.175031,24.42577296
0,-11.507584,-555.5801,180.16031,0.114257813,0.014160156,29.676329,278.70782,0.001362909,54.987797,-95.99667,2189.03538,24.66188235
0,-14.315609,-529.1276,136.6162,0.125126379,0,24.20619,249.78314,0.002181327,54.571884,-95.343765,2269.388146,25.72605499
0,-11.406127,-563.0772,161.66577,0.105875651,0.010742188,22.405525,234.41425,0.001790303,50.93046,-88.62942,2072.363933,24.59086064
0,-12.093075,-593.87683,159.53622,0.108490566,0.009277344,40.560703,319.72687,0.001845665,59.48764,-104.57361,2078.892276,24.43463308
0,-11.888281,-554.21,143.51663,0.134931963,0.005371094,41.00114,325.41434,0.002242842,50.33281,-88.15273,2457.152361,26.10984009
0,-18.383852,-557.6738,108.36658,0.135341687,0.009765625,36.459618,308.37402,0.003836295,66.061676,-117.27019,2394.299609,27.06445946
0,-16.777708,-556.9094,122.20105,0.16787172,0.032226563,48.360996,361.81226,0.003558155,53.535187,-94.42738,2615.845079,26.09307023
0,-15.554046,-518.81964,118.9415,0.143981341,0.019042969,34.68494,306.1456,0.003681299,60.948647,-107.05627,2531.870414,27.88143501
0,-17.73718,-610.90405,121.015785,0.147642299,0.008300781,31.153961,289.9066,0.003614948,58.781113,-103.78938,2492.795522,27.6975491
0,-17.612886,-633.40295,113.35956,0.143168308,0,36.687786,309.8898,0.003068684,54.109127,-95.42598,2486.735994,26.78915593
0,-14.647841,-570.5776,158.06534,0.156323402,0.028808594,59.35123,393.45926,0.002027324,59.78343,-105.39753,2533.28677,25.94700391
0,-19.050968,-568.85474,123.63002,0.127371234,0.030273438,36.600563,303.0765,0.002709196,62.161037,-109.72706,2383.959486,26.77385217
0,-18.143063,-568.0037,135.35828,0.129743745,0.012695313,32.669647,283.5209,0.00228635,61.777435,-109.26609,2359.724265,25.95978362
0,-18.697542,-578.48914,138.02815,0.129320157,0.003417969,48.31027,353.0406,0.002647155,60.82433,-107.143295,2281.948767,25.7185361
0,-14.697478,-575.768,115.30935,0.144178118,0.003417969,40.80673,331.36905,0.002247433,62.37465,-110.18659,2459.126465,27.56017413
0,-6.140198,-557.6153,217.1786,0.065332031,0.002441406,26.649303,251.09554,0.000876108,64.786514,-114.34541,1386.832519,22.42389419
0,-5.6839924,-534.3779,222.04996,0.065135169,0.006835938,22.13909,232.18565,0.000651314,57.506687,-100.56318,1481.499672,23.15721689
0,-6.440401,-534.7847,215.7399,0.077780331,0.00390625,19.414509,205.46399,0.000825726,66.96833,-118.61943,1526.831408,23.49189823
0,-5.8125544,-525.98157,199.21371,0.092509694,0.0078125,30.580706,279.2283,0.001140644,46.443344,-80.67932,1768.765062,22.9807269
0,-4.6313496,-525.5748,215.5094,0.080916967,0.005859375,15.374066,191.88933,0.000766405,58.596653,-103.31456,1537.669827,23.58329927
0,-5.4167933,-538.3248,226.35426,0.093095798,0.003417969,26.892729,265.5618,0.001557883,40.43938,-70.25789,1626.817021,23.31986936
0,-4.7181377,-533.7355,220.19821,0.086575726,0.010742188,22.940554,233.64134,0.000843299,56.569794,-99.3005,1616.122943,23.01391722
0,-6.2737637,-530.1609,222.42145,0.079888411,0.009277344,20.346888,216.28693,0.00063202,56.240685,-98.37097,1506.085171,23.38935625
0,-6.3996434,-520.33374,200.86328,0.072496687,0.013183594,18.508379,214.32257,0.000986487,56.487988,-99.37728,1501.235481,23.6722547
0,-6.138406,-518.19763,205.91019,0.074144013,0.011230469,16.09633,196.25058,0.001093847,50.882465,-88.62425,1522.237343,24.10391047
0,-7.636261,-535.8363,205.77277,0.078409831,0.010742188,8.566358,126.138214,0.00088707,48.05437,-83.889244,1490.318763,23.82843102
0,-7.700413,-515.14764,191.60355,0.070306075,0.00390625,13.968652,186.36115,0.000785304,52.25066,-92.21866,1549.768957,23.82650273
0,-7.148313,-477.95248,185.40005,0.060803536,0.000488281,7.4206314,124.846466,0.000768942,44.105015,-77.0343,1477.387075,23.8924283
0,-7.27081,-519.89056,200.46765,0.082164418,0.002441406,13.867245,181.57748,0.001109463,44.161224,-76.716644,1655.217567,24.43717784
0,-7.562895,-522.5204,194.00676,0.086713209,0.009277344,18.513834,225.66829,0.001177234,46.756733,-81.61148,1761.706847,24.0770914
0,-7.0764527,-471.8252,184.56729,0.087065972,0.006347656,9.862256,159.21179,0.001095621,35.772133,-61.729507,1718.725783,24.65219395
0,-5.3677273,-452.82617,215.87875,0.094118604,0.002441406,17.734161,218.70201,0.001397562,39.033443,-67.89171,1813.962431,23.85030543
0,-8.961162,-528.8853,214.69,0.078997988,0.002929688,13.260588,169.13295,0.001087122,38.608902,-66.46873,1783.956902,24.1217695
0,-8.6535425,-506.3332,208.2143,0.079247137,0.004394531,17.080847,199.88121,0.00075111,41.126335,-71.093544,1657.503695,24.24942521
0,-8.25918,-504.72058,209.63828,0.066052941,0.003417969,12.54364,170.50099,0.000796141,44.69911,-78.38445,1447.025917,24.34014592
0,-9.05431,-526.5615,180.66396,0.069923771,0.001953125,9.014638,143.4939,0.001151571,37.32923,-64.66416,1538.892129,25.04299776
0,-7.203716,-536.9505,205.97995,0.071155287,0.013183594,24.060663,238.71649,0.000713017,57.738647,-101.84662,1684.540684,23.21877176
0,-4.8309684,-537.5771,226.51157,0.08825208,0.00390625,17.957771,193.3573,0.000661638,49.5356,-87.51364,1633.941773,23.57898853
0,-7.580542,-555.78754,225.1228,0.078448073,0.003417969,17.42814,212.31375,0.000756492,50.157887,-87.244026,1563.974515,23.70801704
0,-5.0355363,-461.30237,177.43207,0.0828125,0.004394531,12.332631,178.03339,0.00083092,40.328854,-70.27913,1779.990607,24.42606102
0,-6.017201,-518.69934,214.8126,0.09834532,0.005859375,19.13481,230.0113,0.00127975,41.34166,-72.24895,1861.009702,23.8943502
0,-5.0794888,-485.4855,216.0413,0.082402678,0.005859375,10.183517,137.77478,0.000662022,42.808193,-74.85567,1724.993674,24.136893
0,-5.3428645,-504.56815,212.16777,0.074786932,0.003417969,17.449001,200.59921,0.000510263,47.51809,-83.50453,1610.948063,24.3638346
0,-4.8077908,-500.65964,205.63782,0.074122763,0.003417969,18.170927,207.00328,0.000928004,39.13988,-68.69829,1567.884821,23.63916802
0,-6.5835695,-506.19608,188.91025,0.060984818,0.01171875,10.188748,152.33037,0.000591518,39.741104,-69.29871,1475.081155,24.82559023
0,-1.9042859,-486.63516,210.75658,0.068954077,0.008300781,26.53909,251.66054,0.000290899,66.25557,-116.39436,1463.662192,22.12675141
0,-5.6193185,-557.4227,208.72183,0.057027181,0,18.02081,206.65338,0.000729182,46.65055,-81.21522,1465.997507,22.6047911
0,-2.426396,-508.61972,232.01181,0.062713966,0.009277344,15.280987,193.2394,0.000493898,53.00266,-92.760864,1513.162572,22.46843333
0,-1.1998168,-473.7637,214.14728,0.079908468,0.008300781,21.76951,234.10359,0.000590097,52.443813,-91.184715,1522.50482,23.86643484
0,-5.724702,-588.7393,227.03656,0.063304632,0.005371094,20.257227,219.20724,0.000738207,63.272343,-111.6633,1426.787811,22.3296731
0,-7.5246406,-597.57947,232.06168,0.073045417,0.010253906,20.306046,222.41054,0.000658701,57.77136,-101.093506,1573.656467,22.62200672
0,-3.68081,-530.1389,225.58797,0.057811162,0.0078125,11.295276,143.98195,0.000429278,57.688026,-101.92717,1237.783003,22.41345632
0,-2.6044989,-499.88046,247.69522,0.061791314,0.001464844,15.087667,189.93729,0.000562461,51.930183,-90.92597,1336.216418,22.68504093
0,-2.7413757,-458.95813,216.20163,0.080607096,0.00390625,19.17914,224.0775,0.000802468,46.75004,-81.879585,1485.3631,23.12899578
0,-6.6401653,-605.17053,227.20395,0.083583734,0.003417969,17.322035,197.97221,0.00082306,58.191742,-101.70473,1721.412589,23.88677315
0,-5.797023,-559.7846,239.3988,0.07030311,0.0078125,17.532175,198.4962,0.000469148,58.32707,-102.230225,1441.73677,23.52245233
0,-3.4126358,-472.6742,214.4723,0.058668155,0.0078125,19.869444,216.02257,0.000661692,56.954197,-98.94119,1468.095509,23.49027693
0,-4.115937,-545.61865,223.0635,0.056890073,0.005371094,9.49003,148.0666,0.000572615,53.793564,-93.84391,1340.869157,23.20237776
0,-7.2678423,-533.1078,218.95992,0.087220052,0.008300781,39.750954,305.1288,0.000936852,65.6161,-116.29652,1680.365207,23.55102255
0,-6.2667875,-560.3803,201.35907,0.074303385,0,18.419369,203.32831,0.001077407,56.565247,-99.360016,1758.150634,24.32239623
0,-7.338141,-540.6526,210.29584,0.087133435,0.01171875,27.279024,253.95915,0.001116558,54.83716,-96.38071,1691.793278,24.05059928
0,-9.387164,-597.4713,198.00832,0.083969234,0.019042969,24.965975,239.3135,0.001226853,60.465763,-106.37661,1777.487871,25.37401588
0,-5.940764,-456.26184,198.38162,0.07931611,0.017578125,17.792135,201.18172,0.000882338,51.46218,-90.144,1708.099774,23.43489011
0,-6.2013025,-466.97247,189.82883,0.079388787,0.010742188,16.494513,192.57849,0.00111859,43.299534,-75.1392,1755.793517,24.13393847
0,-8.659873,-534.07587,216.09827,0.078386832,0.004882813,13.465353,185.95796,0.000720813,48.792442,-85.56888,1606.782435,24.40333286
0,-3.520693,-425.6132,171.0618,0.089249576,0.007324219,8.643181,152.61014,0.000875775,36.672417,-63.528564,1717.210351,24.72470378
0,-3.8234801,-456.19177,219.64468,0.10625465,0.002441406,13.496462,197.34158,0.000797347,34.612274,-59.8346,1870.24632,24.60318912
0,-4.1192937,-455.83813,198.49834,0.06398112,0.012207031,4.301694,79.692375,0.000552493,37.005356,-64.23987,1630.496624,25.12117679
0,-5.0647054,-453.3314,190.28583,0.068004261,0.008300781,8.077954,122.766716,0.000474514,46.19523,-81.12691,1478.700085,24.85982616
0,-7.3135724,-497.7079,177.96753,0.068430933,0.012695313,9.296939,142.05618,0.000579038,38.432865,-66.69093,1555.660364,25.14080157
0,-6.400789,-464.98206,176.83586,0.064898323,0.011230469,8.719474,141.22305,0.000630629,43.005367,-75.06436,1502.942226,25.52585964
0,-6.454149,-542.8835,218.11774,0.074930246,0.001953125,14.899213,176.98137,0.000692851,48.75547,-85.57893,1581.176766,22.7448089
0,-6.223184,-489.74075,200.34796,0.063791583,0,10.242522,141.99016,0.000823512,45.106583,-78.5548,1526.993538,23.76811355
0,-5.0010104,-496.05237,221.19115,0.072576349,0.002441406,9.960439,156.73212,0.00085836,45.51899,-79.54457,1577.782676,23.39620721
0,-5.2887673,-535.89215,206.22638,0.078774253,0.001464844,6.837194,132.2772,0.000866331,38.52791,-66.86981,1638.98245,23.39214293
0,-4.304771,-476.3146,220.336,0.083729237,0.004394531,10.720687,169.2027,0.000813418,36.610634,-63.427296,1570.615235,23.76895587
0,-5.918216,-517.869,207.84967,0.0591875,0.000488281,4.1062756,67.76491,0.000707507,41.184917,-71.56179,1469.343577,24.43847088
0,-5.475674,-464.61456,185.29471,0.055230644,0.012207031,7.934108,136.64468,0.000575926,42.80094,-74.70365,1473.173958,24.21789595
0,-3.0506582,-527.8915,227.26242,0.090737786,0.010742188,33.2307,287.77795,0.000776312,53.067608,-93.19676,1770.421078,22.1591798
0,-5.106183,-535.13,214.70282,0.091357422,0.007324219,23.542633,239.39336,0.000779162,50.350227,-87.99632,1916.673758,22.24966568
0,-4.000325,-558.8261,208.99017,0.088596653,0.008789063,29.883148,262.5059,0.000848051,51.83694,-90.37395,1765.006442,22.47554751
0,-5.4821725,-571.31934,211.63347,0.093004919,0.002441406,27.686539,268.371,0.000778209,50.03237,-87.32042,1868.225912,23.22018879
0,-1.9709508,-520.0677,213.06123,0.087229659,0.006835938,15.302334,192.93716,0.0007497,46.52726,-80.99411,1798.350747,23.46332041
0,-4.9641085,-551.9415,181.1497,0.110873353,0,29.20199,285.04333,0.001168998,48.377785,-84.18818,2016.308303,23.6839633
0,-4.0567756,-562.45087,217.39,0.073698186,0.006347656,16.75979,198.68388,0.000636479,55.460518,-97.104164,1763.609169,22.73940876
0,-2.3529456,-533.0508,217.82043,0.078153306,0.000976563,16.828434,196.08922,0.000471441,56.062294,-98.09171,1671.020053,22.89168929
0,-2.0071359,-543.60876,204.66641,0.067636166,0.002929688,16.965273,196.9489,0.000731197,55.449417,-97.34308,1530.221109,22.35284802
0,-0.3332569,-507.07315,199.82341,0.054280599,0.001953125,12.691434,174.11058,0.000440093,50.461308,-88.19825,1474.907693,23.48873024
0,-2.0343525,-538.8365,206.39099,0.050750411,0.000976563,15.970828,198.1135,0.000486735,58.7938,-103.31651,1498.276718,23.23478781
0,-8.845131,-515.57697,185.63731,0.119127942,0.017089844,32.282974,286.6444,0.001258882,48.635643,-84.81924,2118.112456,24.08288351
0,-11.211699,-518.84155,167.68411,0.093621148,0.01953125,23.333399,231.73062,0.001712315,44.65172,-77.820755,1990.330143,24.43557255
0,-9.237102,-524.2961,172.75975,0.103231309,0.020507813,16.205618,189.31908,0.001383028,44.88815,-77.926056,2021.408919,25.12934538
0,-7.509592,-409.61215,154.79617,0.124494881,0.018066406,23.224096,248.44843,0.001255454,40.305077,-70.03129,2249.332307,25.44862178
0,-9.126382,-501.42865,185.63754,0.098981585,0.016113281,18.766493,209.296,0.000919461,47.87079,-83.65721,1962.148152,24.80739047
